#
# There is insufficient memory for the Java Runtime Environment to continue.
# Native memory allocation (malloc) failed to allocate 867520 bytes. Error detail: Chunk::new
# Possible reasons:
#   The system is out of physical RAM or swap space
#   This process is running with CompressedOops enabled, and the Java Heap may be blocking the growth of the native heap
# Possible solutions:
#   Reduce memory load on the system
#   Increase physical memory or swap space
#   Check if swap backing store is full
#   Decrease Java heap size (-Xmx/-Xms)
#   Decrease number of Java threads
#   Decrease Java thread stack sizes (-Xss)
#   Set larger code cache with -XX:ReservedCodeCacheSize=
#   JVM is running with Unscaled Compressed Oops mode in which the Java heap is
#     placed in the first 4GB address space. The Java Heap base address is the
#     maximum limit for the native heap growth. Please use -XX:HeapBaseMinAddress
#     to set the Java Heap base and to place the Java Heap above 4GB virtual address.
# This output file may be truncated or incomplete.
#
#  Out of Memory Error (arena.cpp:191), pid=24868, tid=2700
#
# JRE version: OpenJDK Runtime Environment (17.0.11) (build 17.0.11+0--11852314)
# Java VM: OpenJDK 64-Bit Server VM (17.0.11+0--11852314, mixed mode, tiered, compressed oops, compressed class ptrs, g1 gc, windows-amd64)
# No core dump will be written. Minidumps are not enabled by default on client versions of Windows
#

---------------  S U M M A R Y ------------

Command Line: --add-opens=java.base/java.util=ALL-UNNAMED --add-opens=java.base/java.lang=ALL-UNNAMED --add-opens=java.base/java.lang.invoke=ALL-UNNAMED --add-opens=java.prefs/java.util.prefs=ALL-UNNAMED --add-opens=java.base/java.nio.charset=ALL-UNNAMED --add-opens=java.base/java.net=ALL-UNNAMED --add-opens=java.base/java.util.concurrent.atomic=ALL-UNNAMED -Xmx2048m -Dfile.encoding=UTF-8 -Duser.country=BR -Duser.language=pt -Duser.variant -javaagent:C:\Users\Diogo\.gradle\wrapper\dists\gradle-8.7-bin\bhs2wmbdwecv87pi65oeuq5iu\gradle-8.7\lib\agents\gradle-instrumentation-agent-8.7.jar org.gradle.launcher.daemon.bootstrap.GradleDaemon 8.7

Host: AMD Ryzen 5 4600G with Radeon Graphics, 12 cores, 15G,  Windows 10 , 64 bit Build 19041 (10.0.19041.5072)
Time: Sat Nov  2 02:01:49 2024 Hora oficial do Brasil elapsed time: 14.503837 seconds (0d 0h 0m 14s)

---------------  T H R E A D  ---------------

Current thread (0x00000213bc9d84b0):  JavaThread "C2 CompilerThread1" daemon [_thread_in_native, id=2700, stack(0x000000e74b600000,0x000000e74b700000)]


Current CompileTask:
C2:  14503 10019       4       jdk.internal.jimage.ImageLocation::verify (218 bytes)

Stack: [0x000000e74b600000,0x000000e74b700000]
Native frames: (J=compiled Java code, j=interpreted, Vv=VM code, C=native code)
V  [jvm.dll+0x687bb9]
V  [jvm.dll+0x84142a]
V  [jvm.dll+0x8430ae]
V  [jvm.dll+0x843713]
V  [jvm.dll+0x24a35f]
V  [jvm.dll+0xac544]
V  [jvm.dll+0xacb8c]
V  [jvm.dll+0x369c37]
V  [jvm.dll+0x33416a]
V  [jvm.dll+0x33360a]
V  [jvm.dll+0x21bed1]
V  [jvm.dll+0x21b311]
V  [jvm.dll+0x1a63ed]
V  [jvm.dll+0x22b1ee]
V  [jvm.dll+0x229375]
V  [jvm.dll+0x7f5647]
V  [jvm.dll+0x7efa4a]
V  [jvm.dll+0x686a35]
C  [ucrtbase.dll+0x21bb2]
C  [KERNEL32.DLL+0x17374]
C  [ntdll.dll+0x4cc91]


---------------  P R O C E S S  ---------------

Threads class SMR info:
_java_thread_list=0x00000213bd0bc6a0, length=60, elements={
0x0000021399bbed90, 0x00000213b8073f80, 0x00000213b8074d10, 0x00000213b80ba3c0,
0x00000213b80bcda0, 0x00000213b80bdc80, 0x00000213b80be550, 0x00000213b80bf970,
0x00000213b80c0690, 0x00000213b80c55d0, 0x00000213b8137fc0, 0x00000213b838f3c0,
0x00000213ba438f90, 0x00000213b9cc4130, 0x00000213b987e930, 0x00000213baabaf10,
0x00000213baaba4f0, 0x00000213baabb420, 0x00000213baabc350, 0x00000213baabb930,
0x00000213baabdca0, 0x00000213baabcd70, 0x00000213baabc860, 0x00000213baabaa00,
0x00000213baabd280, 0x00000213baabbe40, 0x00000213bb5401c0, 0x00000213bb542530,
0x00000213bb53bff0, 0x00000213bb53fcb0, 0x00000213bb542a40, 0x00000213bb53c500,
0x00000213bb53cf20, 0x00000213bb53e360, 0x00000213bb53ca10, 0x00000213bb53ed80,
0x00000213bb53e870, 0x00000213bb53f290, 0x00000213bb53d430, 0x00000213bb540be0,
0x00000213bb542f50, 0x00000213bb5406d0, 0x00000213bb5410f0, 0x00000213bb53d940,
0x00000213bb53f7a0, 0x00000213bb541600, 0x00000213bb541b10, 0x00000213bb542020,
0x00000213bb53bae0, 0x00000213bb543460, 0x00000213bca77960, 0x00000213bca73ca0,
0x00000213bca72d70, 0x00000213bca76520, 0x00000213bca746c0, 0x00000213bca77450,
0x00000213bca78da0, 0x00000213bca78380, 0x00000213bc9d84b0, 0x00000213bc9d9f40
}

Java Threads: ( => current thread )
  0x0000021399bbed90 JavaThread "main" [_thread_blocked, id=17432, stack(0x000000e74a300000,0x000000e74a400000)]
  0x00000213b8073f80 JavaThread "Reference Handler" daemon [_thread_blocked, id=23300, stack(0x000000e74aa00000,0x000000e74ab00000)]
  0x00000213b8074d10 JavaThread "Finalizer" daemon [_thread_blocked, id=22112, stack(0x000000e74ab00000,0x000000e74ac00000)]
  0x00000213b80ba3c0 JavaThread "Signal Dispatcher" daemon [_thread_blocked, id=24700, stack(0x000000e74ac00000,0x000000e74ad00000)]
  0x00000213b80bcda0 JavaThread "Attach Listener" daemon [_thread_blocked, id=912, stack(0x000000e74ad00000,0x000000e74ae00000)]
  0x00000213b80bdc80 JavaThread "Service Thread" daemon [_thread_blocked, id=23904, stack(0x000000e74ae00000,0x000000e74af00000)]
  0x00000213b80be550 JavaThread "Monitor Deflation Thread" daemon [_thread_blocked, id=25348, stack(0x000000e74af00000,0x000000e74b000000)]
  0x00000213b80bf970 JavaThread "C2 CompilerThread0" daemon [_thread_blocked, id=10508, stack(0x000000e74b000000,0x000000e74b100000)]
  0x00000213b80c0690 JavaThread "C1 CompilerThread0" daemon [_thread_blocked, id=12844, stack(0x000000e74b100000,0x000000e74b200000)]
  0x00000213b80c55d0 JavaThread "Sweeper thread" daemon [_thread_blocked, id=17272, stack(0x000000e74b200000,0x000000e74b300000)]
  0x00000213b8137fc0 JavaThread "Common-Cleaner" daemon [_thread_blocked, id=16552, stack(0x000000e74b300000,0x000000e74b400000)]
  0x00000213b838f3c0 JavaThread "Notification Thread" daemon [_thread_blocked, id=2304, stack(0x000000e74b400000,0x000000e74b500000)]
  0x00000213ba438f90 JavaThread "Daemon health stats" [_thread_blocked, id=12272, stack(0x000000e74bc00000,0x000000e74bd00000)]
  0x00000213b9cc4130 JavaThread "Incoming local TCP Connector on port 55228" [_thread_in_native, id=23848, stack(0x000000e74bd00000,0x000000e74be00000)]
  0x00000213b987e930 JavaThread "Daemon periodic checks" [_thread_blocked, id=15724, stack(0x000000e74be00000,0x000000e74bf00000)]
  0x00000213baabaf10 JavaThread "Daemon" [_thread_blocked, id=13120, stack(0x000000e74bf00000,0x000000e74c000000)]
  0x00000213baaba4f0 JavaThread "Handler for socket connection from /127.0.0.1:55228 to /127.0.0.1:55229" [_thread_in_native, id=18804, stack(0x000000e74c000000,0x000000e74c100000)]
  0x00000213baabb420 JavaThread "Cancel handler" [_thread_blocked, id=7964, stack(0x000000e74c100000,0x000000e74c200000)]
  0x00000213baabc350 JavaThread "Daemon worker" [_thread_in_vm, id=24972, stack(0x000000e74c200000,0x000000e74c300000)]
  0x00000213baabb930 JavaThread "Asynchronous log dispatcher for DefaultDaemonConnection: socket connection from /127.0.0.1:55228 to /127.0.0.1:55229" [_thread_blocked, id=11548, stack(0x000000e74c300000,0x000000e74c400000)]
  0x00000213baabdca0 JavaThread "Stdin handler" [_thread_blocked, id=18020, stack(0x000000e74c400000,0x000000e74c500000)]
  0x00000213baabcd70 JavaThread "Daemon client event forwarder" [_thread_blocked, id=4164, stack(0x000000e74c500000,0x000000e74c600000)]
  0x00000213baabc860 JavaThread "Cache worker for journal cache (C:\Users\Diogo\.gradle\caches\journal-1)" [_thread_blocked, id=6088, stack(0x000000e74cc00000,0x000000e74cd00000)]
  0x00000213baabaa00 JavaThread "File lock request listener" [_thread_in_native, id=1812, stack(0x000000e74cd00000,0x000000e74ce00000)]
  0x00000213baabd280 JavaThread "Cache worker for file hash cache (C:\Users\Diogo\.gradle\caches\8.7\fileHashes)" [_thread_blocked, id=4712, stack(0x000000e74ce00000,0x000000e74cf00000)]
  0x00000213baabbe40 JavaThread "Cache worker for file hash cache (C:\Users\Diogo\Documents\GitHub\SrCamelo_Mobile\.gradle\8.7\fileHashes)" [_thread_blocked, id=19244, stack(0x000000e74cf00000,0x000000e74d000000)]
  0x00000213bb5401c0 JavaThread "File watcher server" daemon [_thread_in_native, id=19820, stack(0x000000e74d000000,0x000000e74d100000)]
  0x00000213bb542530 JavaThread "File watcher consumer" daemon [_thread_blocked, id=12192, stack(0x000000e74d100000,0x000000e74d200000)]
  0x00000213bb53bff0 JavaThread "Cache worker for checksums cache (C:\Users\Diogo\Documents\GitHub\SrCamelo_Mobile\.gradle\8.7\checksums)" [_thread_blocked, id=26072, stack(0x000000e74d200000,0x000000e74d300000)]
  0x00000213bb53fcb0 JavaThread "Cache worker for cache directory md-supplier (C:\Users\Diogo\.gradle\caches\8.7\md-supplier)" [_thread_blocked, id=11496, stack(0x000000e74d300000,0x000000e74d400000)]
  0x00000213bb542a40 JavaThread "Cache worker for cache directory md-rule (C:\Users\Diogo\.gradle\caches\8.7\md-rule)" [_thread_blocked, id=15264, stack(0x000000e74d400000,0x000000e74d500000)]
  0x00000213bb53c500 JavaThread "Cache worker for file content cache (C:\Users\Diogo\.gradle\caches\8.7\fileContent)" [_thread_blocked, id=24016, stack(0x000000e74d500000,0x000000e74d600000)]
  0x00000213bb53cf20 JavaThread "Cache worker for Build Output Cleanup Cache (C:\Users\Diogo\Documents\GitHub\SrCamelo_Mobile\.gradle\buildOutputCleanup)" [_thread_blocked, id=4272, stack(0x000000e74d700000,0x000000e74d800000)]
  0x00000213bb53e360 JavaThread "Unconstrained build operations" [_thread_blocked, id=10264, stack(0x000000e74d800000,0x000000e74d900000)]
  0x00000213bb53ca10 JavaThread "Unconstrained build operations Thread 2" [_thread_blocked, id=13276, stack(0x000000e74d900000,0x000000e74da00000)]
  0x00000213bb53ed80 JavaThread "Unconstrained build operations Thread 3" [_thread_blocked, id=26192, stack(0x000000e74da00000,0x000000e74db00000)]
  0x00000213bb53e870 JavaThread "Unconstrained build operations Thread 4" [_thread_blocked, id=23332, stack(0x000000e74db00000,0x000000e74dc00000)]
  0x00000213bb53f290 JavaThread "Unconstrained build operations Thread 5" [_thread_blocked, id=21364, stack(0x000000e74dc00000,0x000000e74dd00000)]
  0x00000213bb53d430 JavaThread "Unconstrained build operations Thread 6" [_thread_blocked, id=26144, stack(0x000000e74dd00000,0x000000e74de00000)]
  0x00000213bb540be0 JavaThread "Unconstrained build operations Thread 7" [_thread_blocked, id=17140, stack(0x000000e74de00000,0x000000e74df00000)]
  0x00000213bb542f50 JavaThread "Unconstrained build operations Thread 8" [_thread_blocked, id=23056, stack(0x000000e74df00000,0x000000e74e000000)]
  0x00000213bb5406d0 JavaThread "Unconstrained build operations Thread 9" [_thread_blocked, id=26444, stack(0x000000e74e000000,0x000000e74e100000)]
  0x00000213bb5410f0 JavaThread "Unconstrained build operations Thread 10" [_thread_blocked, id=21480, stack(0x000000e74e100000,0x000000e74e200000)]
  0x00000213bb53d940 JavaThread "Unconstrained build operations Thread 11" [_thread_blocked, id=6624, stack(0x000000e74e200000,0x000000e74e300000)]
  0x00000213bb53f7a0 JavaThread "Unconstrained build operations Thread 12" [_thread_blocked, id=21152, stack(0x000000e74e300000,0x000000e74e400000)]
  0x00000213bb541600 JavaThread "Unconstrained build operations Thread 13" [_thread_blocked, id=24684, stack(0x000000e74e400000,0x000000e74e500000)]
  0x00000213bb541b10 JavaThread "Unconstrained build operations Thread 14" [_thread_blocked, id=6420, stack(0x000000e74e500000,0x000000e74e600000)]
  0x00000213bb542020 JavaThread "Unconstrained build operations Thread 15" [_thread_blocked, id=8876, stack(0x000000e74e600000,0x000000e74e700000)]
  0x00000213bb53bae0 JavaThread "Unconstrained build operations Thread 16" [_thread_blocked, id=20532, stack(0x000000e74e700000,0x000000e74e800000)]
  0x00000213bb543460 JavaThread "Unconstrained build operations Thread 17" [_thread_blocked, id=7516, stack(0x000000e74e800000,0x000000e74e900000)]
  0x00000213bca77960 JavaThread "Unconstrained build operations Thread 18" [_thread_blocked, id=20740, stack(0x000000e74e900000,0x000000e74ea00000)]
  0x00000213bca73ca0 JavaThread "Unconstrained build operations Thread 19" [_thread_blocked, id=13440, stack(0x000000e74ea00000,0x000000e74eb00000)]
  0x00000213bca72d70 JavaThread "Unconstrained build operations Thread 20" [_thread_blocked, id=25884, stack(0x000000e74eb00000,0x000000e74ec00000)]
  0x00000213bca76520 JavaThread "Unconstrained build operations Thread 21" [_thread_blocked, id=24260, stack(0x000000e74ec00000,0x000000e74ed00000)]
  0x00000213bca746c0 JavaThread "Unconstrained build operations Thread 22" [_thread_blocked, id=8120, stack(0x000000e74ed00000,0x000000e74ee00000)]
  0x00000213bca77450 JavaThread "build event listener" [_thread_blocked, id=23180, stack(0x000000e74d600000,0x000000e74d700000)]
  0x00000213bca78da0 JavaThread "Memory manager" [_thread_blocked, id=19880, stack(0x000000e74ee00000,0x000000e74ef00000)]
  0x00000213bca78380 JavaThread "build event listener" [_thread_blocked, id=6176, stack(0x000000e74f000000,0x000000e74f100000)]
=>0x00000213bc9d84b0 JavaThread "C2 CompilerThread1" daemon [_thread_in_native, id=2700, stack(0x000000e74b600000,0x000000e74b700000)]
  0x00000213bc9d9f40 JavaThread "C2 CompilerThread2" daemon [_thread_blocked, id=18104, stack(0x000000e74ef00000,0x000000e74f000000)]

Other Threads:
  0x00000213b8071350 VMThread "VM Thread" [stack: 0x000000e74a900000,0x000000e74aa00000] [id=3296]
  0x00000213b8303180 WatcherThread [stack: 0x000000e74b500000,0x000000e74b600000] [id=13688]
  0x0000021399c1be30 GCTaskThread "GC Thread#0" [stack: 0x000000e74a400000,0x000000e74a500000] [id=15816]
  0x00000213b91411f0 GCTaskThread "GC Thread#1" [stack: 0x000000e74b700000,0x000000e74b800000] [id=1320]
  0x00000213b91414b0 GCTaskThread "GC Thread#2" [stack: 0x000000e74b800000,0x000000e74b900000] [id=18032]
  0x00000213b921a2f0 GCTaskThread "GC Thread#3" [stack: 0x000000e74b900000,0x000000e74ba00000] [id=8036]
  0x00000213b921a5b0 GCTaskThread "GC Thread#4" [stack: 0x000000e74ba00000,0x000000e74bb00000] [id=22396]
  0x00000213b921a870 GCTaskThread "GC Thread#5" [stack: 0x000000e74bb00000,0x000000e74bc00000] [id=5984]
  0x00000213b967daf0 GCTaskThread "GC Thread#6" [stack: 0x000000e74c600000,0x000000e74c700000] [id=4228]
  0x00000213b967ddb0 GCTaskThread "GC Thread#7" [stack: 0x000000e74c700000,0x000000e74c800000] [id=22176]
  0x00000213b967c4f0 GCTaskThread "GC Thread#8" [stack: 0x000000e74c800000,0x000000e74c900000] [id=22628]
  0x00000213b967e070 GCTaskThread "GC Thread#9" [stack: 0x000000e74c900000,0x000000e74ca00000] [id=9528]
  0x0000021399c2dca0 ConcurrentGCThread "G1 Main Marker" [stack: 0x000000e74a500000,0x000000e74a600000] [id=1220]
  0x0000021399c2e5d0 ConcurrentGCThread "G1 Conc#0" [stack: 0x000000e74a600000,0x000000e74a700000] [id=22208]
  0x00000213b967d2b0 ConcurrentGCThread "G1 Conc#1" [stack: 0x000000e74ca00000,0x000000e74cb00000] [id=23060]
  0x00000213b967d570 ConcurrentGCThread "G1 Conc#2" [stack: 0x000000e74cb00000,0x000000e74cc00000] [id=7104]
  0x0000021399c7ece0 ConcurrentGCThread "G1 Refine#0" [stack: 0x000000e74a700000,0x000000e74a800000] [id=3796]
  0x00000213b3a2a8c0 ConcurrentGCThread "G1 Service" [stack: 0x000000e74a800000,0x000000e74a900000] [id=20396]

Threads with active compile tasks:
C2 CompilerThread1    14516 10019       4       jdk.internal.jimage.ImageLocation::verify (218 bytes)

VM state: not at safepoint (normal execution)

VM Mutex/Monitor currently owned by a thread: None

Heap address: 0x0000000080000000, size: 2048 MB, Compressed Oops mode: 32-bit

CDS archive(s) not mapped
Compressed class space mapped at: 0x0000000100000000-0x0000000140000000, reserved size: 1073741824
Narrow klass base: 0x0000000000000000, Narrow klass shift: 3, Narrow klass range: 0x140000000

GC Precious Log:
 CPUs: 12 total, 12 available
 Memory: 16232M
 Large Page Support: Disabled
 NUMA Support: Disabled
 Compressed Oops: Enabled (32-bit)
 Heap Region Size: 1M
 Heap Min Capacity: 8M
 Heap Initial Capacity: 254M
 Heap Max Capacity: 2G
 Pre-touch: Disabled
 Parallel Workers: 10
 Concurrent Workers: 3
 Concurrent Refinement Workers: 10
 Periodic GC: Disabled

Heap:
 garbage-first heap   total 160768K, used 132532K [0x0000000080000000, 0x0000000100000000)
  region size 1024K, 43 young (44032K), 6 survivors (6144K)
 Metaspace       used 93760K, committed 94464K, reserved 1179648K
  class space    used 13023K, committed 13376K, reserved 1048576K

Heap Regions: E=young(eden), S=young(survivor), O=old, HS=humongous(starts), HC=humongous(continues), CS=collection set, F=free, OA=open archive, CA=closed archive, TAMS=top-at-mark-start (previous, next)
|   0|0x0000000080000000, 0x0000000080100000, 0x0000000080100000|100%|HS|  |TAMS 0x0000000080100000, 0x0000000080000000| Complete 
|   1|0x0000000080100000, 0x0000000080200000, 0x0000000080200000|100%|HC|  |TAMS 0x0000000080200000, 0x0000000080100000| Complete 
|   2|0x0000000080200000, 0x0000000080300000, 0x0000000080300000|100%|HC|  |TAMS 0x0000000080300000, 0x0000000080200000| Complete 
|   3|0x0000000080300000, 0x0000000080400000, 0x0000000080400000|100%|HC|  |TAMS 0x0000000080400000, 0x0000000080300000| Complete 
|   4|0x0000000080400000, 0x0000000080500000, 0x0000000080500000|100%| O|  |TAMS 0x0000000080500000, 0x0000000080400000| Untracked 
|   5|0x0000000080500000, 0x0000000080600000, 0x0000000080600000|100%| O|  |TAMS 0x0000000080600000, 0x0000000080500000| Untracked 
|   6|0x0000000080600000, 0x0000000080700000, 0x0000000080700000|100%| O|  |TAMS 0x0000000080700000, 0x0000000080600000| Untracked 
|   7|0x0000000080700000, 0x0000000080800000, 0x0000000080800000|100%| O|  |TAMS 0x0000000080800000, 0x0000000080700000| Untracked 
|   8|0x0000000080800000, 0x0000000080900000, 0x0000000080900000|100%| O|  |TAMS 0x0000000080900000, 0x0000000080800000| Untracked 
|   9|0x0000000080900000, 0x0000000080a00000, 0x0000000080a00000|100%| O|  |TAMS 0x0000000080a00000, 0x0000000080900000| Untracked 
|  10|0x0000000080a00000, 0x0000000080b00000, 0x0000000080b00000|100%|HS|  |TAMS 0x0000000080a00000, 0x0000000080a00000| Complete 
|  11|0x0000000080b00000, 0x0000000080c00000, 0x0000000080c00000|100%| O|  |TAMS 0x0000000080c00000, 0x0000000080b00000| Untracked 
|  12|0x0000000080c00000, 0x0000000080d00000, 0x0000000080d00000|100%| O|  |TAMS 0x0000000080d00000, 0x0000000080c00000| Untracked 
|  13|0x0000000080d00000, 0x0000000080e00000, 0x0000000080e00000|100%| O|  |TAMS 0x0000000080e00000, 0x0000000080d00000| Untracked 
|  14|0x0000000080e00000, 0x0000000080f00000, 0x0000000080f00000|100%| O|  |TAMS 0x0000000080f00000, 0x0000000080e00000| Untracked 
|  15|0x0000000080f00000, 0x0000000081000000, 0x0000000081000000|100%| O|  |TAMS 0x0000000081000000, 0x0000000080f00000| Untracked 
|  16|0x0000000081000000, 0x0000000081100000, 0x0000000081100000|100%| O|  |TAMS 0x0000000081100000, 0x0000000081000000| Untracked 
|  17|0x0000000081100000, 0x0000000081200000, 0x0000000081200000|100%| O|  |TAMS 0x0000000081200000, 0x0000000081100000| Untracked 
|  18|0x0000000081200000, 0x0000000081300000, 0x0000000081300000|100%| O|  |TAMS 0x0000000081300000, 0x0000000081200000| Untracked 
|  19|0x0000000081300000, 0x0000000081400000, 0x0000000081400000|100%| O|  |TAMS 0x0000000081400000, 0x0000000081300000| Untracked 
|  20|0x0000000081400000, 0x0000000081500000, 0x0000000081500000|100%| O|  |TAMS 0x0000000081500000, 0x0000000081400000| Untracked 
|  21|0x0000000081500000, 0x0000000081600000, 0x0000000081600000|100%| O|  |TAMS 0x0000000081600000, 0x0000000081500000| Untracked 
|  22|0x0000000081600000, 0x0000000081700000, 0x0000000081700000|100%| O|  |TAMS 0x0000000081700000, 0x0000000081600000| Untracked 
|  23|0x0000000081700000, 0x0000000081800000, 0x0000000081800000|100%| O|  |TAMS 0x0000000081800000, 0x0000000081700000| Untracked 
|  24|0x0000000081800000, 0x0000000081900000, 0x0000000081900000|100%| O|  |TAMS 0x0000000081900000, 0x0000000081800000| Untracked 
|  25|0x0000000081900000, 0x0000000081a00000, 0x0000000081a00000|100%| O|  |TAMS 0x0000000081a00000, 0x0000000081900000| Untracked 
|  26|0x0000000081a00000, 0x0000000081b00000, 0x0000000081b00000|100%| O|  |TAMS 0x0000000081b00000, 0x0000000081a00000| Untracked 
|  27|0x0000000081b00000, 0x0000000081c00000, 0x0000000081c00000|100%| O|  |TAMS 0x0000000081c00000, 0x0000000081b00000| Untracked 
|  28|0x0000000081c00000, 0x0000000081d00000, 0x0000000081d00000|100%| O|  |TAMS 0x0000000081d00000, 0x0000000081c00000| Untracked 
|  29|0x0000000081d00000, 0x0000000081e00000, 0x0000000081e00000|100%| O|  |TAMS 0x0000000081e00000, 0x0000000081d00000| Untracked 
|  30|0x0000000081e00000, 0x0000000081f00000, 0x0000000081f00000|100%| O|  |TAMS 0x0000000081f00000, 0x0000000081e00000| Untracked 
|  31|0x0000000081f00000, 0x0000000082000000, 0x0000000082000000|100%| O|  |TAMS 0x0000000081f00000, 0x0000000081f00000| Untracked 
|  32|0x0000000082000000, 0x0000000082100000, 0x0000000082100000|100%| O|  |TAMS 0x0000000082100000, 0x0000000082000000| Untracked 
|  33|0x0000000082100000, 0x0000000082200000, 0x0000000082200000|100%| O|  |TAMS 0x0000000082200000, 0x0000000082100000| Untracked 
|  34|0x0000000082200000, 0x0000000082300000, 0x0000000082300000|100%| O|  |TAMS 0x0000000082300000, 0x0000000082200000| Untracked 
|  35|0x0000000082300000, 0x0000000082400000, 0x0000000082400000|100%| O|  |TAMS 0x0000000082300000, 0x0000000082300000| Untracked 
|  36|0x0000000082400000, 0x0000000082500000, 0x0000000082500000|100%| O|  |TAMS 0x0000000082500000, 0x0000000082400000| Untracked 
|  37|0x0000000082500000, 0x0000000082600000, 0x0000000082600000|100%| O|  |TAMS 0x0000000082600000, 0x0000000082500000| Untracked 
|  38|0x0000000082600000, 0x0000000082700000, 0x0000000082700000|100%| O|  |TAMS 0x0000000082700000, 0x0000000082600000| Untracked 
|  39|0x0000000082700000, 0x0000000082800000, 0x0000000082800000|100%| O|  |TAMS 0x0000000082800000, 0x0000000082700000| Untracked 
|  40|0x0000000082800000, 0x0000000082900000, 0x0000000082900000|100%| O|  |TAMS 0x0000000082900000, 0x0000000082800000| Untracked 
|  41|0x0000000082900000, 0x0000000082a00000, 0x0000000082a00000|100%|HS|  |TAMS 0x0000000082a00000, 0x0000000082900000| Complete 
|  42|0x0000000082a00000, 0x0000000082b00000, 0x0000000082b00000|100%|HS|  |TAMS 0x0000000082b00000, 0x0000000082a00000| Complete 
|  43|0x0000000082b00000, 0x0000000082c00000, 0x0000000082c00000|100%|HS|  |TAMS 0x0000000082c00000, 0x0000000082b00000| Complete 
|  44|0x0000000082c00000, 0x0000000082d00000, 0x0000000082d00000|100%|HC|  |TAMS 0x0000000082d00000, 0x0000000082c00000| Complete 
|  45|0x0000000082d00000, 0x0000000082e00000, 0x0000000082e00000|100%|HS|  |TAMS 0x0000000082e00000, 0x0000000082d00000| Complete 
|  46|0x0000000082e00000, 0x0000000082f00000, 0x0000000082f00000|100%|HC|  |TAMS 0x0000000082f00000, 0x0000000082e00000| Complete 
|  47|0x0000000082f00000, 0x0000000083000000, 0x0000000083000000|100%|HS|  |TAMS 0x0000000083000000, 0x0000000082f00000| Complete 
|  48|0x0000000083000000, 0x0000000083100000, 0x0000000083100000|100%|HS|  |TAMS 0x0000000083100000, 0x0000000083000000| Complete 
|  49|0x0000000083100000, 0x0000000083200000, 0x0000000083200000|100%|HC|  |TAMS 0x0000000083200000, 0x0000000083100000| Complete 
|  50|0x0000000083200000, 0x0000000083300000, 0x0000000083300000|100%|HC|  |TAMS 0x0000000083300000, 0x0000000083200000| Complete 
|  51|0x0000000083300000, 0x0000000083400000, 0x0000000083400000|100%|HC|  |TAMS 0x0000000083400000, 0x0000000083300000| Complete 
|  52|0x0000000083400000, 0x0000000083500000, 0x0000000083500000|100%|HS|  |TAMS 0x0000000083500000, 0x0000000083400000| Complete 
|  53|0x0000000083500000, 0x0000000083600000, 0x0000000083600000|100%| O|  |TAMS 0x0000000083600000, 0x0000000083500000| Untracked 
|  54|0x0000000083600000, 0x0000000083700000, 0x0000000083700000|100%|HS|  |TAMS 0x0000000083700000, 0x0000000083600000| Complete 
|  55|0x0000000083700000, 0x0000000083800000, 0x0000000083800000|100%| O|  |TAMS 0x0000000083800000, 0x0000000083700000| Untracked 
|  56|0x0000000083800000, 0x0000000083900000, 0x0000000083900000|100%| O|  |TAMS 0x0000000083900000, 0x0000000083800000| Untracked 
|  57|0x0000000083900000, 0x0000000083a00000, 0x0000000083a00000|100%| O|  |TAMS 0x0000000083a00000, 0x0000000083900000| Untracked 
|  58|0x0000000083a00000, 0x0000000083b00000, 0x0000000083b00000|100%| O|  |TAMS 0x0000000083b00000, 0x0000000083a00000| Untracked 
|  59|0x0000000083b00000, 0x0000000083c00000, 0x0000000083c00000|100%| O|  |TAMS 0x0000000083c00000, 0x0000000083b00000| Untracked 
|  60|0x0000000083c00000, 0x0000000083d00000, 0x0000000083d00000|100%| O|  |TAMS 0x0000000083d00000, 0x0000000083c00000| Untracked 
|  61|0x0000000083d00000, 0x0000000083e00000, 0x0000000083e00000|100%| O|  |TAMS 0x0000000083dc2a00, 0x0000000083d00000| Untracked 
|  62|0x0000000083e00000, 0x0000000083f00000, 0x0000000083f00000|100%| O|  |TAMS 0x0000000083e00000, 0x0000000083e00000| Untracked 
|  63|0x0000000083f00000, 0x0000000084000000, 0x0000000084000000|100%| O|  |TAMS 0x0000000083f00000, 0x0000000083f00000| Untracked 
|  64|0x0000000084000000, 0x0000000084100000, 0x0000000084100000|100%| O|  |TAMS 0x0000000084000000, 0x0000000084000000| Untracked 
|  65|0x0000000084100000, 0x0000000084200000, 0x0000000084200000|100%| O|  |TAMS 0x0000000084100000, 0x0000000084100000| Untracked 
|  66|0x0000000084200000, 0x0000000084300000, 0x0000000084300000|100%|HS|  |TAMS 0x0000000084200000, 0x0000000084200000| Complete 
|  67|0x0000000084300000, 0x0000000084400000, 0x0000000084400000|100%|HS|  |TAMS 0x0000000084300000, 0x0000000084300000| Complete 
|  68|0x0000000084400000, 0x0000000084500000, 0x0000000084500000|100%|HC|  |TAMS 0x0000000084400000, 0x0000000084400000| Complete 
|  69|0x0000000084500000, 0x0000000084600000, 0x0000000084600000|100%|HC|  |TAMS 0x0000000084500000, 0x0000000084500000| Complete 
|  70|0x0000000084600000, 0x0000000084700000, 0x0000000084700000|100%|HC|  |TAMS 0x0000000084600000, 0x0000000084600000| Complete 
|  71|0x0000000084700000, 0x0000000084800000, 0x0000000084800000|100%| O|  |TAMS 0x0000000084700000, 0x0000000084700000| Untracked 
|  72|0x0000000084800000, 0x0000000084900000, 0x0000000084900000|100%| O|  |TAMS 0x0000000084800000, 0x0000000084800000| Untracked 
|  73|0x0000000084900000, 0x0000000084a00000, 0x0000000084a00000|100%| O|  |TAMS 0x0000000084900000, 0x0000000084900000| Untracked 
|  74|0x0000000084a00000, 0x0000000084b00000, 0x0000000084b00000|100%| O|  |TAMS 0x0000000084a00000, 0x0000000084a00000| Untracked 
|  75|0x0000000084b00000, 0x0000000084c00000, 0x0000000084c00000|100%| O|  |TAMS 0x0000000084b00000, 0x0000000084b00000| Untracked 
|  76|0x0000000084c00000, 0x0000000084d00000, 0x0000000084d00000|100%| O|  |TAMS 0x0000000084c00000, 0x0000000084c00000| Untracked 
|  77|0x0000000084d00000, 0x0000000084e00000, 0x0000000084e00000|100%| O|  |TAMS 0x0000000084d00000, 0x0000000084d00000| Untracked 
|  78|0x0000000084e00000, 0x0000000084f00000, 0x0000000084f00000|100%| O|  |TAMS 0x0000000084e00000, 0x0000000084e00000| Untracked 
|  79|0x0000000084f00000, 0x0000000085000000, 0x0000000085000000|100%| O|  |TAMS 0x0000000084f00000, 0x0000000084f00000| Untracked 
|  80|0x0000000085000000, 0x0000000085100000, 0x0000000085100000|100%| O|  |TAMS 0x0000000085000000, 0x0000000085000000| Untracked 
|  81|0x0000000085100000, 0x0000000085200000, 0x0000000085200000|100%| O|  |TAMS 0x0000000085100000, 0x0000000085100000| Untracked 
|  82|0x0000000085200000, 0x0000000085200000, 0x0000000085300000|  0%| F|  |TAMS 0x0000000085200000, 0x0000000085200000| Untracked 
|  83|0x0000000085300000, 0x0000000085400000, 0x0000000085400000|100%| O|  |TAMS 0x0000000085300000, 0x0000000085300000| Untracked 
|  84|0x0000000085400000, 0x0000000085500000, 0x0000000085500000|100%| O|  |TAMS 0x0000000085400000, 0x0000000085400000| Untracked 
|  85|0x0000000085500000, 0x00000000855ff000, 0x0000000085600000| 99%| O|  |TAMS 0x0000000085500000, 0x0000000085500000| Untracked 
|  86|0x0000000085600000, 0x0000000085600000, 0x0000000085700000|  0%| F|  |TAMS 0x0000000085600000, 0x0000000085600000| Untracked 
|  87|0x0000000085700000, 0x0000000085700000, 0x0000000085800000|  0%| F|  |TAMS 0x0000000085700000, 0x0000000085700000| Untracked 
|  88|0x0000000085800000, 0x0000000085800000, 0x0000000085900000|  0%| F|  |TAMS 0x0000000085800000, 0x0000000085800000| Untracked 
|  89|0x0000000085900000, 0x0000000085900000, 0x0000000085a00000|  0%| F|  |TAMS 0x0000000085900000, 0x0000000085900000| Untracked 
|  90|0x0000000085a00000, 0x0000000085a00000, 0x0000000085b00000|  0%| F|  |TAMS 0x0000000085a00000, 0x0000000085a00000| Untracked 
|  91|0x0000000085b00000, 0x0000000085b00000, 0x0000000085c00000|  0%| F|  |TAMS 0x0000000085b00000, 0x0000000085b00000| Untracked 
|  92|0x0000000085c00000, 0x0000000085c00000, 0x0000000085d00000|  0%| F|  |TAMS 0x0000000085c00000, 0x0000000085c00000| Untracked 
|  93|0x0000000085d00000, 0x0000000085d00000, 0x0000000085e00000|  0%| F|  |TAMS 0x0000000085d00000, 0x0000000085d00000| Untracked 
|  94|0x0000000085e00000, 0x0000000085e00000, 0x0000000085f00000|  0%| F|  |TAMS 0x0000000085e00000, 0x0000000085e00000| Untracked 
|  95|0x0000000085f00000, 0x0000000085f00000, 0x0000000086000000|  0%| F|  |TAMS 0x0000000085f00000, 0x0000000085f00000| Untracked 
|  96|0x0000000086000000, 0x0000000086000000, 0x0000000086100000|  0%| F|  |TAMS 0x0000000086000000, 0x0000000086000000| Untracked 
|  97|0x0000000086100000, 0x0000000086100000, 0x0000000086200000|  0%| F|  |TAMS 0x0000000086100000, 0x0000000086100000| Untracked 
|  98|0x0000000086200000, 0x0000000086200000, 0x0000000086300000|  0%| F|  |TAMS 0x0000000086200000, 0x0000000086200000| Untracked 
|  99|0x0000000086300000, 0x0000000086300000, 0x0000000086400000|  0%| F|  |TAMS 0x0000000086300000, 0x0000000086300000| Untracked 
| 100|0x0000000086400000, 0x0000000086400000, 0x0000000086500000|  0%| F|  |TAMS 0x0000000086400000, 0x0000000086400000| Untracked 
| 101|0x0000000086500000, 0x0000000086500000, 0x0000000086600000|  0%| F|  |TAMS 0x0000000086500000, 0x0000000086500000| Untracked 
| 102|0x0000000086600000, 0x0000000086600000, 0x0000000086700000|  0%| F|  |TAMS 0x0000000086600000, 0x0000000086600000| Untracked 
| 103|0x0000000086700000, 0x0000000086700000, 0x0000000086800000|  0%| F|  |TAMS 0x0000000086700000, 0x0000000086700000| Untracked 
| 104|0x0000000086800000, 0x0000000086800000, 0x0000000086900000|  0%| F|  |TAMS 0x0000000086800000, 0x0000000086800000| Untracked 
| 105|0x0000000086900000, 0x000000008696e130, 0x0000000086a00000| 42%| S|CS|TAMS 0x0000000086900000, 0x0000000086900000| Complete 
| 106|0x0000000086a00000, 0x0000000086b00000, 0x0000000086b00000|100%| S|CS|TAMS 0x0000000086a00000, 0x0000000086a00000| Complete 
| 107|0x0000000086b00000, 0x0000000086c00000, 0x0000000086c00000|100%| S|CS|TAMS 0x0000000086b00000, 0x0000000086b00000| Complete 
| 108|0x0000000086c00000, 0x0000000086c00000, 0x0000000086d00000|  0%| F|  |TAMS 0x0000000086c00000, 0x0000000086c00000| Untracked 
| 109|0x0000000086d00000, 0x0000000086e00000, 0x0000000086e00000|100%| S|CS|TAMS 0x0000000086d00000, 0x0000000086d00000| Complete 
| 110|0x0000000086e00000, 0x0000000086e00000, 0x0000000086f00000|  0%| F|  |TAMS 0x0000000086e00000, 0x0000000086e00000| Untracked 
| 111|0x0000000086f00000, 0x0000000086f00000, 0x0000000087000000|  0%| F|  |TAMS 0x0000000086f00000, 0x0000000086f00000| Untracked 
| 112|0x0000000087000000, 0x0000000087000000, 0x0000000087100000|  0%| F|  |TAMS 0x0000000087000000, 0x0000000087000000| Untracked 
| 113|0x0000000087100000, 0x0000000087200000, 0x0000000087200000|100%| S|CS|TAMS 0x0000000087100000, 0x0000000087100000| Complete 
| 114|0x0000000087200000, 0x0000000087300000, 0x0000000087300000|100%| S|CS|TAMS 0x0000000087200000, 0x0000000087200000| Complete 
| 115|0x0000000087300000, 0x0000000087300000, 0x0000000087400000|  0%| F|  |TAMS 0x0000000087300000, 0x0000000087300000| Untracked 
| 116|0x0000000087400000, 0x0000000087400000, 0x0000000087500000|  0%| F|  |TAMS 0x0000000087400000, 0x0000000087400000| Untracked 
| 117|0x0000000087500000, 0x0000000087600000, 0x0000000087600000|100%| E|  |TAMS 0x0000000087500000, 0x0000000087500000| Complete 
| 118|0x0000000087600000, 0x0000000087700000, 0x0000000087700000|100%| E|CS|TAMS 0x0000000087600000, 0x0000000087600000| Complete 
| 119|0x0000000087700000, 0x0000000087800000, 0x0000000087800000|100%| E|CS|TAMS 0x0000000087700000, 0x0000000087700000| Complete 
| 120|0x0000000087800000, 0x0000000087900000, 0x0000000087900000|100%| E|CS|TAMS 0x0000000087800000, 0x0000000087800000| Complete 
| 121|0x0000000087900000, 0x0000000087a00000, 0x0000000087a00000|100%| E|CS|TAMS 0x0000000087900000, 0x0000000087900000| Complete 
| 122|0x0000000087a00000, 0x0000000087b00000, 0x0000000087b00000|100%| E|CS|TAMS 0x0000000087a00000, 0x0000000087a00000| Complete 
| 123|0x0000000087b00000, 0x0000000087c00000, 0x0000000087c00000|100%| E|CS|TAMS 0x0000000087b00000, 0x0000000087b00000| Complete 
| 124|0x0000000087c00000, 0x0000000087d00000, 0x0000000087d00000|100%| E|CS|TAMS 0x0000000087c00000, 0x0000000087c00000| Complete 
| 125|0x0000000087d00000, 0x0000000087e00000, 0x0000000087e00000|100%| E|CS|TAMS 0x0000000087d00000, 0x0000000087d00000| Complete 
| 126|0x0000000087e00000, 0x0000000087f00000, 0x0000000087f00000|100%| E|CS|TAMS 0x0000000087e00000, 0x0000000087e00000| Complete 
| 127|0x0000000087f00000, 0x0000000088000000, 0x0000000088000000|100%| E|CS|TAMS 0x0000000087f00000, 0x0000000087f00000| Complete 
| 128|0x0000000088000000, 0x0000000088100000, 0x0000000088100000|100%| E|CS|TAMS 0x0000000088000000, 0x0000000088000000| Complete 
| 129|0x0000000088100000, 0x0000000088200000, 0x0000000088200000|100%| E|CS|TAMS 0x0000000088100000, 0x0000000088100000| Complete 
| 130|0x0000000088200000, 0x0000000088300000, 0x0000000088300000|100%| E|CS|TAMS 0x0000000088200000, 0x0000000088200000| Complete 
| 131|0x0000000088300000, 0x0000000088400000, 0x0000000088400000|100%| E|CS|TAMS 0x0000000088300000, 0x0000000088300000| Complete 
| 132|0x0000000088400000, 0x0000000088500000, 0x0000000088500000|100%| E|CS|TAMS 0x0000000088400000, 0x0000000088400000| Complete 
| 133|0x0000000088500000, 0x0000000088600000, 0x0000000088600000|100%| E|CS|TAMS 0x0000000088500000, 0x0000000088500000| Complete 
| 134|0x0000000088600000, 0x0000000088700000, 0x0000000088700000|100%| E|CS|TAMS 0x0000000088600000, 0x0000000088600000| Complete 
| 135|0x0000000088700000, 0x0000000088800000, 0x0000000088800000|100%| E|CS|TAMS 0x0000000088700000, 0x0000000088700000| Complete 
| 136|0x0000000088800000, 0x0000000088900000, 0x0000000088900000|100%| E|CS|TAMS 0x0000000088800000, 0x0000000088800000| Complete 
| 137|0x0000000088900000, 0x0000000088a00000, 0x0000000088a00000|100%| E|CS|TAMS 0x0000000088900000, 0x0000000088900000| Complete 
| 138|0x0000000088a00000, 0x0000000088b00000, 0x0000000088b00000|100%| E|CS|TAMS 0x0000000088a00000, 0x0000000088a00000| Complete 
| 139|0x0000000088b00000, 0x0000000088c00000, 0x0000000088c00000|100%| E|CS|TAMS 0x0000000088b00000, 0x0000000088b00000| Complete 
| 140|0x0000000088c00000, 0x0000000088d00000, 0x0000000088d00000|100%| E|CS|TAMS 0x0000000088c00000, 0x0000000088c00000| Complete 
| 141|0x0000000088d00000, 0x0000000088e00000, 0x0000000088e00000|100%| E|CS|TAMS 0x0000000088d00000, 0x0000000088d00000| Complete 
| 142|0x0000000088e00000, 0x0000000088f00000, 0x0000000088f00000|100%| E|CS|TAMS 0x0000000088e00000, 0x0000000088e00000| Complete 
| 143|0x0000000088f00000, 0x0000000089000000, 0x0000000089000000|100%| E|CS|TAMS 0x0000000088f00000, 0x0000000088f00000| Complete 
| 196|0x000000008c400000, 0x000000008c500000, 0x000000008c500000|100%| E|CS|TAMS 0x000000008c400000, 0x000000008c400000| Complete 
| 197|0x000000008c500000, 0x000000008c600000, 0x000000008c600000|100%| E|CS|TAMS 0x000000008c500000, 0x000000008c500000| Complete 
| 198|0x000000008c600000, 0x000000008c700000, 0x000000008c700000|100%| E|CS|TAMS 0x000000008c600000, 0x000000008c600000| Complete 
| 199|0x000000008c700000, 0x000000008c800000, 0x000000008c800000|100%| E|CS|TAMS 0x000000008c700000, 0x000000008c700000| Complete 
| 200|0x000000008c800000, 0x000000008c900000, 0x000000008c900000|100%| E|CS|TAMS 0x000000008c800000, 0x000000008c800000| Complete 
| 201|0x000000008c900000, 0x000000008ca00000, 0x000000008ca00000|100%| E|CS|TAMS 0x000000008c900000, 0x000000008c900000| Complete 
| 202|0x000000008ca00000, 0x000000008cb00000, 0x000000008cb00000|100%| E|CS|TAMS 0x000000008ca00000, 0x000000008ca00000| Complete 
| 203|0x000000008cb00000, 0x000000008cc00000, 0x000000008cc00000|100%| E|CS|TAMS 0x000000008cb00000, 0x000000008cb00000| Complete 
| 204|0x000000008cc00000, 0x000000008cd00000, 0x000000008cd00000|100%| E|CS|TAMS 0x000000008cc00000, 0x000000008cc00000| Complete 
| 253|0x000000008fd00000, 0x000000008fe00000, 0x000000008fe00000|100%| E|CS|TAMS 0x000000008fd00000, 0x000000008fd00000| Complete 
|2045|0x00000000ffd00000, 0x00000000ffe00000, 0x00000000ffe00000|100%| O|  |TAMS 0x00000000ffe00000, 0x00000000ffd00000| Untracked 
|2046|0x00000000ffe00000, 0x00000000fff00000, 0x00000000fff00000|100%| O|  |TAMS 0x00000000fff00000, 0x00000000ffe00000| Untracked 
|2047|0x00000000fff00000, 0x0000000100000000, 0x0000000100000000|100%| O|  |TAMS 0x0000000100000000, 0x00000000fff00000| Untracked 

Card table byte_map: [0x00000213ac9f0000,0x00000213acdf0000] _byte_map_base: 0x00000213ac5f0000

Marking Bits (Prev, Next): (CMBitMap*) 0x0000021399c1d3b0, (CMBitMap*) 0x0000021399c1d370
 Prev Bits: [0x00000213af1f0000, 0x00000213b11f0000)
 Next Bits: [0x00000213ad1f0000, 0x00000213af1f0000)

Polling page: 0x0000021397980000

Metaspace:

Usage:
  Non-class:     78.87 MB used.
      Class:     12.73 MB used.
       Both:     91.59 MB used.

Virtual space:
  Non-class space:      128.00 MB reserved,      79.19 MB ( 62%) committed,  2 nodes.
      Class space:        1.00 GB reserved,      13.06 MB (  1%) committed,  1 nodes.
             Both:        1.12 GB reserved,      92.25 MB (  8%) committed. 

Chunk freelists:
   Non-Class:  848.00 KB
       Class:  2.91 MB
        Both:  3.73 MB

MaxMetaspaceSize: unlimited
CompressedClassSpaceSize: 1.00 GB
Initial GC threshold: 21.00 MB
Current GC threshold: 96.38 MB
CDS: off
MetaspaceReclaimPolicy: balanced
 - commit_granule_bytes: 65536.
 - commit_granule_words: 8192.
 - virtual_space_node_default_size: 8388608.
 - enlarge_chunks_in_place: 1.
 - new_chunks_are_fully_committed: 0.
 - uncommit_free_chunks: 1.
 - use_allocation_guard: 0.
 - handle_deallocations: 1.


Internal statistics:

num_allocs_failed_limit: 6.
num_arena_births: 1004.
num_arena_deaths: 0.
num_vsnodes_births: 3.
num_vsnodes_deaths: 0.
num_space_committed: 1476.
num_space_uncommitted: 0.
num_chunks_returned_to_freelist: 6.
num_chunks_taken_from_freelist: 4549.
num_chunk_merges: 6.
num_chunk_splits: 3003.
num_chunks_enlarged: 2000.
num_inconsistent_stats: 0.

CodeHeap 'non-profiled nmethods': size=120000Kb used=5777Kb max_used=5777Kb free=114223Kb
 bounds [0x00000213a4b70000, 0x00000213a5120000, 0x00000213ac0a0000]
CodeHeap 'profiled nmethods': size=120000Kb used=18018Kb max_used=18020Kb free=101981Kb
 bounds [0x000002139d0a0000, 0x000002139e240000, 0x00000213a45d0000]
CodeHeap 'non-nmethods': size=5760Kb used=1704Kb max_used=1763Kb free=4055Kb
 bounds [0x00000213a45d0000, 0x00000213a4840000, 0x00000213a4b70000]
 total_blobs=10054 nmethods=9260 adapters=705
 compilation: enabled
              stopped_count=0, restarted_count=0
 full_count=0

Compilation events (20 events):
Event: 14.409 Thread 0x00000213b80c0690 10012       1       javax.management.ObjectName::getCanonicalName (5 bytes)
Event: 14.409 Thread 0x00000213b80c0690 nmethod 10012 0x00000213a510ef10 code [0x00000213a510f0a0, 0x00000213a510f178]
Event: 14.427 Thread 0x00000213bc9d84b0 nmethod 10001 0x00000213a510f210 code [0x00000213a510f520, 0x00000213a5111ff8]
Event: 14.438 Thread 0x00000213b80c0690 10013       3       java.util.concurrent.CopyOnWriteArrayList::<init> (24 bytes)
Event: 14.439 Thread 0x00000213b80c0690 nmethod 10013 0x000002139e233810 code [0x000002139e2339c0, 0x000002139e233d58]
Event: 14.440 Thread 0x00000213b80c0690 10014   !   3       java.security.AccessController::doPrivileged (22 bytes)
Event: 14.440 Thread 0x00000213b80c0690 nmethod 10014 0x000002139e233e90 code [0x000002139e234080, 0x000002139e2344e8]
Event: 14.440 Thread 0x00000213bc9d84b0 10015       4       java.util.concurrent.ConcurrentHashMap$Traverser::advance (188 bytes)
Event: 14.441 Thread 0x00000213b80bf970 10016       4       java.util.concurrent.ConcurrentHashMap$BaseIterator::hasNext (13 bytes)
Event: 14.441 Thread 0x00000213b80bf970 nmethod 10016 0x00000213a5113790 code [0x00000213a5113900, 0x00000213a5113998]
Event: 14.442 Thread 0x00000213b80bf970 10017   !   4       java.nio.DirectIntBufferU::get (34 bytes)
Event: 14.442 Thread 0x00000213b80bf970 nmethod 10017 0x00000213a5113a90 code [0x00000213a5113c00, 0x00000213a5113cd8]
Event: 14.443 Thread 0x00000213bc9d84b0 nmethod 10015 0x00000213a5113e10 code [0x00000213a5113fa0, 0x00000213a5114298]
Event: 14.455 Thread 0x00000213b80c0690 10018       3       java.util.StringTokenizer::scanToken (179 bytes)
Event: 14.456 Thread 0x00000213bc9d84b0 10019       4       jdk.internal.jimage.ImageLocation::verify (218 bytes)
Event: 14.456 Thread 0x00000213b80c0690 nmethod 10018 0x000002139e234710 code [0x000002139e234a80, 0x000002139e236138]
Event: 14.456 Thread 0x00000213b80c0690 10020       3       jdk.internal.module.Resources::toPackageName (39 bytes)
Event: 14.456 Thread 0x00000213b80c0690 nmethod 10020 0x000002139e236990 code [0x000002139e236bc0, 0x000002139e237238]
Event: 14.456 Thread 0x00000213b80c0690 10021   !   3       jdk.internal.loader.BuiltinClassLoader::findMiscResource (122 bytes)
Event: 14.457 Thread 0x00000213b80c0690 nmethod 10021 0x000002139e237510 code [0x000002139e2377c0, 0x000002139e238b18]

GC Heap History (20 events):
Event: 7.966 GC heap before
{Heap before GC invocations=26 (full 0):
 garbage-first heap   total 160768K, used 72404K [0x0000000080000000, 0x0000000100000000)
  region size 1024K, 7 young (7168K), 1 survivors (1024K)
 Metaspace       used 59595K, committed 60224K, reserved 1114112K
  class space    used 8155K, committed 8448K, reserved 1048576K
}
Event: 7.967 GC heap after
{Heap after GC invocations=27 (full 0):
 garbage-first heap   total 160768K, used 66286K [0x0000000080000000, 0x0000000100000000)
  region size 1024K, 1 young (1024K), 1 survivors (1024K)
 Metaspace       used 59595K, committed 60224K, reserved 1114112K
  class space    used 8155K, committed 8448K, reserved 1048576K
}
Event: 8.626 GC heap before
{Heap before GC invocations=27 (full 0):
 garbage-first heap   total 160768K, used 116462K [0x0000000080000000, 0x0000000100000000)
  region size 1024K, 50 young (51200K), 1 survivors (1024K)
 Metaspace       used 64514K, committed 65088K, reserved 1114112K
  class space    used 8745K, committed 9024K, reserved 1048576K
}
Event: 8.628 GC heap after
{Heap after GC invocations=28 (full 0):
 garbage-first heap   total 160768K, used 67633K [0x0000000080000000, 0x0000000100000000)
  region size 1024K, 2 young (2048K), 2 survivors (2048K)
 Metaspace       used 64514K, committed 65088K, reserved 1114112K
  class space    used 8745K, committed 9024K, reserved 1048576K
}
Event: 9.232 GC heap before
{Heap before GC invocations=28 (full 0):
 garbage-first heap   total 160768K, used 127025K [0x0000000080000000, 0x0000000100000000)
  region size 1024K, 55 young (56320K), 2 survivors (2048K)
 Metaspace       used 69065K, committed 69696K, reserved 1114112K
  class space    used 9373K, committed 9664K, reserved 1048576K
}
Event: 9.236 GC heap after
{Heap after GC invocations=29 (full 0):
 garbage-first heap   total 160768K, used 73706K [0x0000000080000000, 0x0000000100000000)
  region size 1024K, 7 young (7168K), 7 survivors (7168K)
 Metaspace       used 69065K, committed 69696K, reserved 1114112K
  class space    used 9373K, committed 9664K, reserved 1048576K
}
Event: 9.867 GC heap before
{Heap before GC invocations=29 (full 0):
 garbage-first heap   total 160768K, used 126954K [0x0000000080000000, 0x0000000100000000)
  region size 1024K, 55 young (56320K), 7 survivors (7168K)
 Metaspace       used 73341K, committed 73984K, reserved 1114112K
  class space    used 9928K, committed 10240K, reserved 1048576K
}
Event: 9.871 GC heap after
{Heap after GC invocations=30 (full 0):
 garbage-first heap   total 160768K, used 81616K [0x0000000080000000, 0x0000000100000000)
  region size 1024K, 4 young (4096K), 4 survivors (4096K)
 Metaspace       used 73341K, committed 73984K, reserved 1114112K
  class space    used 9928K, committed 10240K, reserved 1048576K
}
Event: 10.377 GC heap before
{Heap before GC invocations=30 (full 0):
 garbage-first heap   total 160768K, used 126672K [0x0000000080000000, 0x0000000100000000)
  region size 1024K, 48 young (49152K), 4 survivors (4096K)
 Metaspace       used 78104K, committed 78720K, reserved 1179648K
  class space    used 10603K, committed 10880K, reserved 1048576K
}
Event: 10.380 GC heap after
{Heap after GC invocations=31 (full 0):
 garbage-first heap   total 160768K, used 83736K [0x0000000080000000, 0x0000000100000000)
  region size 1024K, 2 young (2048K), 2 survivors (2048K)
 Metaspace       used 78104K, committed 78720K, reserved 1179648K
  class space    used 10603K, committed 10880K, reserved 1048576K
}
Event: 11.282 GC heap before
{Heap before GC invocations=31 (full 0):
 garbage-first heap   total 160768K, used 129816K [0x0000000080000000, 0x0000000100000000)
  region size 1024K, 47 young (48128K), 2 survivors (2048K)
 Metaspace       used 80463K, committed 81152K, reserved 1179648K
  class space    used 10921K, committed 11264K, reserved 1048576K
}
Event: 11.285 GC heap after
{Heap after GC invocations=32 (full 0):
 garbage-first heap   total 160768K, used 88464K [0x0000000080000000, 0x0000000100000000)
  region size 1024K, 6 young (6144K), 6 survivors (6144K)
 Metaspace       used 80463K, committed 81152K, reserved 1179648K
  class space    used 10921K, committed 11264K, reserved 1048576K
}
Event: 12.076 GC heap before
{Heap before GC invocations=32 (full 0):
 garbage-first heap   total 160768K, used 129424K [0x0000000080000000, 0x0000000100000000)
  region size 1024K, 46 young (47104K), 6 survivors (6144K)
 Metaspace       used 82498K, committed 83136K, reserved 1179648K
  class space    used 11210K, committed 11520K, reserved 1048576K
}
Event: 12.080 GC heap after
{Heap after GC invocations=33 (full 0):
 garbage-first heap   total 160768K, used 90245K [0x0000000080000000, 0x0000000100000000)
  region size 1024K, 4 young (4096K), 4 survivors (4096K)
 Metaspace       used 82498K, committed 83136K, reserved 1179648K
  class space    used 11210K, committed 11520K, reserved 1048576K
}
Event: 12.742 GC heap before
{Heap before GC invocations=33 (full 0):
 garbage-first heap   total 160768K, used 130181K [0x0000000080000000, 0x0000000100000000)
  region size 1024K, 43 young (44032K), 4 survivors (4096K)
 Metaspace       used 85246K, committed 85888K, reserved 1179648K
  class space    used 11698K, committed 12032K, reserved 1048576K
}
Event: 12.744 GC heap after
{Heap after GC invocations=34 (full 0):
 garbage-first heap   total 160768K, used 91936K [0x0000000080000000, 0x0000000100000000)
  region size 1024K, 2 young (2048K), 2 survivors (2048K)
 Metaspace       used 85246K, committed 85888K, reserved 1179648K
  class space    used 11698K, committed 12032K, reserved 1048576K
}
Event: 13.379 GC heap before
{Heap before GC invocations=34 (full 0):
 garbage-first heap   total 160768K, used 132896K [0x0000000080000000, 0x0000000100000000)
  region size 1024K, 42 young (43008K), 2 survivors (2048K)
 Metaspace       used 88195K, committed 88896K, reserved 1179648K
  class space    used 12206K, committed 12544K, reserved 1048576K
}
Event: 13.381 GC heap after
{Heap after GC invocations=35 (full 0):
 garbage-first heap   total 160768K, used 93215K [0x0000000080000000, 0x0000000100000000)
  region size 1024K, 4 young (4096K), 4 survivors (4096K)
 Metaspace       used 88195K, committed 88896K, reserved 1179648K
  class space    used 12206K, committed 12544K, reserved 1048576K
}
Event: 13.997 GC heap before
{Heap before GC invocations=35 (full 0):
 garbage-first heap   total 160768K, used 133151K [0x0000000080000000, 0x0000000100000000)
  region size 1024K, 43 young (44032K), 4 survivors (4096K)
 Metaspace       used 91050K, committed 91776K, reserved 1179648K
  class space    used 12625K, committed 12992K, reserved 1048576K
}
Event: 14.000 GC heap after
{Heap after GC invocations=36 (full 0):
 garbage-first heap   total 160768K, used 95668K [0x0000000080000000, 0x0000000100000000)
  region size 1024K, 6 young (6144K), 6 survivors (6144K)
 Metaspace       used 91050K, committed 91776K, reserved 1179648K
  class space    used 12625K, committed 12992K, reserved 1048576K
}

Dll operation events (3 events):
Event: 0.007 Loaded shared library D:\Android\Android Studio\jbr\bin\java.dll
Event: 0.109 Loaded shared library D:\Android\Android Studio\jbr\bin\zip.dll
Event: 0.403 Loaded shared library D:\Android\Android Studio\jbr\bin\verify.dll

Deoptimization events (20 events):
Event: 14.333 Thread 0x00000213baabc350 Uncommon trap: trap_request=0xffffffc6 fr.pc=0x00000213a504b840 relative=0x00000000000002e0
Event: 14.333 Thread 0x00000213baabc350 Uncommon trap: reason=bimorphic_or_optimized_type_check action=maybe_recompile pc=0x00000213a504b840 method=java.util.regex.Pattern$BmpCharPredicate.lambda$union$2(Ljava/util/regex/Pattern$CharPredicate;I)Z @ 2 c2
Event: 14.333 Thread 0x00000213baabc350 DEOPT PACKING pc=0x00000213a504b840 sp=0x000000e74c2f7cb0
Event: 14.333 Thread 0x00000213baabc350 DEOPT UNPACKING pc=0x00000213a46269a3 sp=0x000000e74c2f7bd8 mode 2
Event: 14.340 Thread 0x00000213baabc350 Uncommon trap: trap_request=0xffffffc6 fr.pc=0x00000213a4fd95dc relative=0x000000000000095c
Event: 14.340 Thread 0x00000213baabc350 Uncommon trap: reason=bimorphic_or_optimized_type_check action=maybe_recompile pc=0x00000213a4fd95dc method=java.io.BufferedInputStream.read1([BII)I @ 39 c2
Event: 14.340 Thread 0x00000213baabc350 DEOPT PACKING pc=0x00000213a4fd95dc sp=0x000000e74c2f95a0
Event: 14.340 Thread 0x00000213baabc350 DEOPT UNPACKING pc=0x00000213a46269a3 sp=0x000000e74c2f94b8 mode 2
Event: 14.340 Thread 0x00000213baabc350 Uncommon trap: trap_request=0xffffffc6 fr.pc=0x00000213a4fd95dc relative=0x000000000000095c
Event: 14.340 Thread 0x00000213baabc350 Uncommon trap: reason=bimorphic_or_optimized_type_check action=maybe_recompile pc=0x00000213a4fd95dc method=java.io.BufferedInputStream.read1([BII)I @ 39 c2
Event: 14.340 Thread 0x00000213baabc350 DEOPT PACKING pc=0x00000213a4fd95dc sp=0x000000e74c2f95a0
Event: 14.340 Thread 0x00000213baabc350 DEOPT UNPACKING pc=0x00000213a46269a3 sp=0x000000e74c2f94b8 mode 2
Event: 14.394 Thread 0x00000213baabc350 DEOPT PACKING pc=0x000002139e218958 sp=0x000000e74c2f4580
Event: 14.394 Thread 0x00000213baabc350 DEOPT UNPACKING pc=0x00000213a4627143 sp=0x000000e74c2f3a88 mode 0
Event: 14.454 Thread 0x00000213baabc350 Uncommon trap: trap_request=0xffffff45 fr.pc=0x00000213a4c57d38 relative=0x0000000000000218
Event: 14.454 Thread 0x00000213baabc350 Uncommon trap: reason=unstable_if action=reinterpret pc=0x00000213a4c57d38 method=java.util.StringTokenizer.scanToken(I)I @ 42 c2
Event: 14.454 Thread 0x00000213baabc350 DEOPT PACKING pc=0x00000213a4c57d38 sp=0x000000e74c2f8880
Event: 14.454 Thread 0x00000213baabc350 DEOPT UNPACKING pc=0x00000213a46269a3 sp=0x000000e74c2f8810 mode 2
Event: 14.474 Thread 0x00000213baabc350 DEOPT PACKING pc=0x000002139e218958 sp=0x000000e74c2f4390
Event: 14.474 Thread 0x00000213baabc350 DEOPT UNPACKING pc=0x00000213a4627143 sp=0x000000e74c2f3898 mode 0

Classes unloaded (0 events):
No events

Classes redefined (0 events):
No events

Internal exceptions (20 events):
Event: 13.394 Thread 0x00000213baabc350 Exception <a 'java/lang/ClassNotFoundException'{0x000000008cc2a998}: com/android/build/gradle/internal/api/BaseVariantOutputImplCustomizer> (0x000000008cc2a998) 
thrown [s\src\hotspot\share\classfile\systemDictionary.cpp, line 256]
Event: 13.395 Thread 0x00000213baabc350 Exception <a 'java/lang/ClassNotFoundException'{0x000000008cc4cac8}: com/android/build/gradle/internal/api/ApkVariantOutputImplCustomizer> (0x000000008cc4cac8) 
thrown [s\src\hotspot\share\classfile\systemDictionary.cpp, line 256]
Event: 13.397 Thread 0x00000213baabc350 Exception <a 'java/lang/ClassNotFoundException'{0x000000008cc68c58}: com/android/build/gradle/internal/api/ApkVariantOutputImpl_DecoratedCustomizer> (0x000000008cc68c58) 
thrown [s\src\hotspot\share\classfile\systemDictionary.cpp, line 256]
Event: 13.546 Thread 0x00000213baabc350 Exception <a 'java/lang/ClassNotFoundException'{0x0000000088fb9a78}: com/android/build/gradle/internal/api/ReadOnlyBuildTypeBeanInfo> (0x0000000088fb9a78) 
thrown [s\src\hotspot\share\classfile\systemDictionary.cpp, line 256]
Event: 13.547 Thread 0x00000213baabc350 Exception <a 'java/lang/ClassNotFoundException'{0x0000000088fc8c48}: com/android/build/gradle/internal/api/ReadOnlyBaseConfigBeanInfo> (0x0000000088fc8c48) 
thrown [s\src\hotspot\share\classfile\systemDictionary.cpp, line 256]
Event: 13.547 Thread 0x00000213baabc350 Exception <a 'java/lang/ClassNotFoundException'{0x0000000088fd7e40}: com/android/build/gradle/internal/api/ReadOnlyBaseConfigCustomizer> (0x0000000088fd7e40) 
thrown [s\src\hotspot\share\classfile\systemDictionary.cpp, line 256]
Event: 13.549 Thread 0x00000213baabc350 Exception <a 'java/lang/ClassNotFoundException'{0x0000000088ff7be0}: com/android/build/gradle/internal/api/ReadOnlyBuildTypeCustomizer> (0x0000000088ff7be0) 
thrown [s\src\hotspot\share\classfile\systemDictionary.cpp, line 256]
Event: 13.837 Thread 0x00000213baabc350 Implicit null exception at 0x00000213a4fc4a87 to 0x00000213a4fc5364
Event: 13.837 Thread 0x00000213baabc350 Implicit null exception at 0x00000213a4fc6fdb to 0x00000213a4fc7064
Event: 13.837 Thread 0x00000213baabc350 Implicit null exception at 0x00000213a4fc4a87 to 0x00000213a4fc5364
Event: 13.837 Thread 0x00000213baabc350 Implicit null exception at 0x00000213a4fc4a87 to 0x00000213a4fc5364
Event: 13.839 Thread 0x00000213baabc350 Implicit null exception at 0x00000213a4fc4a87 to 0x00000213a4fc5364
Event: 14.046 Thread 0x00000213baabc350 Exception <a 'java/lang/NoSuchMethodError'{0x000000008ca04240}: 'java.lang.Object java.lang.invoke.DirectMethodHandle$Holder.newInvokeSpecial(java.lang.Object, java.lang.Object, java.lang.Object, java.lang.Object, java.lang.Object, java.lang.Object, int)'> (0x000000008ca04240) 
thrown [s\src\hotspot\share\interpreter\linkResolver.cpp, line 771]
Event: 14.047 Thread 0x00000213baabc350 Exception <a 'java/lang/NoSuchMethodError'{0x000000008ca09a30}: 'java.lang.Object java.lang.invoke.DirectMethodHandle$Holder.invokeSpecial(java.lang.Object, java.lang.Object, java.lang.Object, java.lang.Object, java.lang.Object, java.lang.Object, java.lang.Object, int)'> (0x000000008ca09a30) 
thrown [s\src\hotspot\share\interpreter\linkResolver.cpp, line 771]
Event: 14.048 Thread 0x00000213baabc350 Exception <a 'java/lang/NoSuchMethodError'{0x000000008ca0ee08}: 'java.lang.Object java.lang.invoke.Invokers$Holder.linkToTargetMethod(java.lang.Object, java.lang.Object, java.lang.Object, java.lang.Object, java.lang.Object, int, java.lang.Object)'> (0x000000008ca0ee08) 
thrown [s\src\hotspot\share\interpreter\linkResolver.cpp, line 771]
Event: 14.280 Thread 0x00000213baabc350 Exception <a 'sun/nio/fs/WindowsException'{0x0000000088512310}> (0x0000000088512310) 
thrown [s\src\hotspot\share\prims\jni.cpp, line 531]
Event: 14.339 Thread 0x00000213baabc350 Exception <a 'sun/nio/fs/WindowsException'{0x00000000882620d8}> (0x00000000882620d8) 
thrown [s\src\hotspot\share\prims\jni.cpp, line 531]
Event: 14.339 Thread 0x00000213baabc350 Exception <a 'sun/nio/fs/WindowsException'{0x0000000088263470}> (0x0000000088263470) 
thrown [s\src\hotspot\share\prims\jni.cpp, line 531]
Event: 14.339 Thread 0x00000213baabc350 Exception <a 'sun/nio/fs/WindowsException'{0x0000000088264858}> (0x0000000088264858) 
thrown [s\src\hotspot\share\prims\jni.cpp, line 531]
Event: 14.339 Thread 0x00000213baabc350 Exception <a 'sun/nio/fs/WindowsException'{0x0000000088265c40}> (0x0000000088265c40) 
thrown [s\src\hotspot\share\prims\jni.cpp, line 531]

VM Operations (20 events):
Event: 12.742 Executing VM operation: G1CollectForAllocation
Event: 12.744 Executing VM operation: G1CollectForAllocation done
Event: 13.379 Executing VM operation: G1CollectForAllocation
Event: 13.381 Executing VM operation: G1CollectForAllocation done
Event: 13.869 Executing VM operation: ICBufferFull
Event: 13.869 Executing VM operation: ICBufferFull done
Event: 13.905 Executing VM operation: HandshakeAllThreads
Event: 13.905 Executing VM operation: HandshakeAllThreads done
Event: 13.935 Executing VM operation: HandshakeAllThreads
Event: 13.935 Executing VM operation: HandshakeAllThreads done
Event: 13.939 Executing VM operation: HandshakeAllThreads
Event: 13.939 Executing VM operation: HandshakeAllThreads done
Event: 13.997 Executing VM operation: G1CollectForAllocation
Event: 14.000 Executing VM operation: G1CollectForAllocation done
Event: 14.454 Executing VM operation: HandshakeAllThreads
Event: 14.454 Executing VM operation: HandshakeAllThreads done
Event: 14.454 Executing VM operation: HandshakeAllThreads
Event: 14.454 Executing VM operation: HandshakeAllThreads done
Event: 14.463 Executing VM operation: ICBufferFull
Event: 14.463 Executing VM operation: ICBufferFull done

Events (20 events):
Event: 14.341 loading class java/util/EnumMap$EntryIterator done
Event: 14.341 loading class java/util/EnumMap$EntryIterator$Entry
Event: 14.341 loading class java/util/EnumMap$EntryIterator$Entry done
Event: 14.355 loading class javax/xml/namespace/QName
Event: 14.355 loading class javax/xml/namespace/QName done
Event: 14.433 loading class org/xml/sax/XMLFilter
Event: 14.433 loading class org/xml/sax/XMLReader
Event: 14.433 loading class org/xml/sax/XMLReader done
Event: 14.433 loading class org/xml/sax/XMLFilter done
Event: 14.433 loading class javax/xml/transform/Source
Event: 14.434 loading class javax/xml/transform/Source done
Event: 14.434 loading class org/w3c/dom/ls/LSResourceResolver
Event: 14.434 loading class org/w3c/dom/ls/LSResourceResolver done
Event: 14.436 loading class java/util/logging/ConsoleHandler
Event: 14.437 loading class java/util/logging/StreamHandler
Event: 14.437 loading class java/util/logging/StreamHandler done
Event: 14.437 loading class java/util/logging/ConsoleHandler done
Event: 14.457 Thread 0x00000213b80c55d0 flushing nmethod 0x000002139d1a0990
Event: 14.485 loading class javax/xml/parsers/FactoryConfigurationError
Event: 14.485 loading class javax/xml/parsers/FactoryConfigurationError done


Dynamic libraries:
0x00007ff605c40000 - 0x00007ff605c4a000 	D:\Android\Android Studio\jbr\bin\java.exe
0x00007ffaca650000 - 0x00007ffaca848000 	C:\WINDOWS\SYSTEM32\ntdll.dll
0x00007ffac89b0000 - 0x00007ffac8a72000 	C:\WINDOWS\System32\KERNEL32.DLL
0x00007ffac8240000 - 0x00007ffac853e000 	C:\WINDOWS\System32\KERNELBASE.dll
0x00007ffac7e90000 - 0x00007ffac7f90000 	C:\WINDOWS\System32\ucrtbase.dll
0x00007ffaaa100000 - 0x00007ffaaa117000 	D:\Android\Android Studio\jbr\bin\jli.dll
0x00007ffab8840000 - 0x00007ffab885b000 	D:\Android\Android Studio\jbr\bin\VCRUNTIME140.dll
0x00007ffac8720000 - 0x00007ffac88bd000 	C:\WINDOWS\System32\USER32.dll
0x00007ffac8210000 - 0x00007ffac8232000 	C:\WINDOWS\System32\win32u.dll
0x00007ffac8980000 - 0x00007ffac89ab000 	C:\WINDOWS\System32\GDI32.dll
0x00007ffab5f30000 - 0x00007ffab61ca000 	C:\WINDOWS\WinSxS\amd64_microsoft.windows.common-controls_6595b64144ccf1df_6.0.19041.4355_none_60b8b9eb71f62e16\COMCTL32.dll
0x00007ffac7f90000 - 0x00007ffac80a7000 	C:\WINDOWS\System32\gdi32full.dll
0x00007ffac9d10000 - 0x00007ffac9dae000 	C:\WINDOWS\System32\msvcrt.dll
0x00007ffac8540000 - 0x00007ffac85dd000 	C:\WINDOWS\System32\msvcp_win.dll
0x00007ffac8670000 - 0x00007ffac869f000 	C:\WINDOWS\System32\IMM32.DLL
0x00007ffac2fc0000 - 0x00007ffac2fcc000 	D:\Android\Android Studio\jbr\bin\vcruntime140_1.dll
0x00007ffaaa280000 - 0x00007ffaaa30d000 	D:\Android\Android Studio\jbr\bin\msvcp140.dll
0x00007ff9e9b70000 - 0x00007ff9ea7f3000 	D:\Android\Android Studio\jbr\bin\server\jvm.dll
0x00007ffac88c0000 - 0x00007ffac8971000 	C:\WINDOWS\System32\ADVAPI32.dll
0x00007ffac9ac0000 - 0x00007ffac9b5f000 	C:\WINDOWS\System32\sechost.dll
0x00007ffaca4e0000 - 0x00007ffaca603000 	C:\WINDOWS\System32\RPCRT4.dll
0x00007ffac7d60000 - 0x00007ffac7d87000 	C:\WINDOWS\System32\bcrypt.dll
0x00007ffab28f0000 - 0x00007ffab28f9000 	C:\WINDOWS\SYSTEM32\WSOCK32.dll
0x00007ffac0720000 - 0x00007ffac072a000 	C:\WINDOWS\SYSTEM32\VERSION.dll
0x00007ffab9f50000 - 0x00007ffab9f77000 	C:\WINDOWS\SYSTEM32\WINMM.dll
0x00007ffac7240000 - 0x00007ffac728b000 	C:\WINDOWS\SYSTEM32\POWRPROF.dll
0x00007ffac9db0000 - 0x00007ffac9e1b000 	C:\WINDOWS\System32\WS2_32.dll
0x00007ffac70b0000 - 0x00007ffac70c2000 	C:\WINDOWS\SYSTEM32\UMPDC.dll
0x00007ffac5b50000 - 0x00007ffac5b62000 	C:\WINDOWS\SYSTEM32\kernel.appcore.dll
0x00007ffab88f0000 - 0x00007ffab88fa000 	D:\Android\Android Studio\jbr\bin\jimage.dll
0x00007ffac1250000 - 0x00007ffac1434000 	C:\WINDOWS\SYSTEM32\DBGHELP.DLL
0x00007ffab6e70000 - 0x00007ffab6ea4000 	C:\WINDOWS\SYSTEM32\dbgcore.DLL
0x00007ffac85e0000 - 0x00007ffac8662000 	C:\WINDOWS\System32\bcryptPrimitives.dll
0x00007ffaaf5e0000 - 0x00007ffaaf5ee000 	D:\Android\Android Studio\jbr\bin\instrument.dll
0x00007ffaae5f0000 - 0x00007ffaae615000 	D:\Android\Android Studio\jbr\bin\java.dll
0x00007ffaaadf0000 - 0x00007ffaaae08000 	D:\Android\Android Studio\jbr\bin\zip.dll
0x00007ffac91b0000 - 0x00007ffac991d000 	C:\WINDOWS\System32\SHELL32.dll
0x00007ffac5d50000 - 0x00007ffac64f4000 	C:\WINDOWS\SYSTEM32\windows.storage.dll
0x00007ffaca160000 - 0x00007ffaca4b3000 	C:\WINDOWS\System32\combase.dll
0x00007ffac7640000 - 0x00007ffac766e000 	C:\WINDOWS\SYSTEM32\Wldp.dll
0x00007ffac8b90000 - 0x00007ffac8c5d000 	C:\WINDOWS\System32\OLEAUT32.dll
0x00007ffac8a80000 - 0x00007ffac8b2d000 	C:\WINDOWS\System32\SHCORE.dll
0x00007ffac8b30000 - 0x00007ffac8b85000 	C:\WINDOWS\System32\shlwapi.dll
0x00007ffac7c20000 - 0x00007ffac7c44000 	C:\WINDOWS\SYSTEM32\profapi.dll
0x00007ffaaa140000 - 0x00007ffaaa159000 	D:\Android\Android Studio\jbr\bin\net.dll
0x00007ffabede0000 - 0x00007ffabeeed000 	C:\WINDOWS\SYSTEM32\WINHTTP.dll
0x00007ffac7420000 - 0x00007ffac748a000 	C:\WINDOWS\system32\mswsock.dll
0x00007ffaaa120000 - 0x00007ffaaa136000 	D:\Android\Android Studio\jbr\bin\nio.dll
0x00007ffaaffc0000 - 0x00007ffaaffd0000 	D:\Android\Android Studio\jbr\bin\verify.dll
0x00007ffab8940000 - 0x00007ffab8967000 	C:\Users\Diogo\.gradle\native\c067742578af261105cb4f569cf0c3c89f3d7b1fecec35dd04571415982c5e48\windows-amd64\native-platform.dll
0x00007ffa8ac40000 - 0x00007ffa8ad84000 	C:\Users\Diogo\.gradle\native\38dada09dfb8b06ba9b0570ebf7e218e3eb74d4ef43ca46872605cf95ebc2f47\windows-amd64\native-platform-file-events.dll
0x00007ffab1c30000 - 0x00007ffab1c39000 	D:\Android\Android Studio\jbr\bin\management.dll
0x00007ffab11d0000 - 0x00007ffab11db000 	D:\Android\Android Studio\jbr\bin\management_ext.dll
0x00007ffac8710000 - 0x00007ffac8718000 	C:\WINDOWS\System32\PSAPI.DLL
0x00007ffac7990000 - 0x00007ffac79a8000 	C:\WINDOWS\SYSTEM32\CRYPTSP.dll
0x00007ffac6c90000 - 0x00007ffac6cc4000 	C:\WINDOWS\system32\rsaenh.dll
0x00007ffac7ba0000 - 0x00007ffac7bce000 	C:\WINDOWS\SYSTEM32\USERENV.dll
0x00007ffac75b0000 - 0x00007ffac75bc000 	C:\WINDOWS\SYSTEM32\CRYPTBASE.dll
0x00007ffac70d0000 - 0x00007ffac710b000 	C:\WINDOWS\SYSTEM32\IPHLPAPI.DLL
0x00007ffac9920000 - 0x00007ffac9928000 	C:\WINDOWS\System32\NSI.dll
0x00007ffac28c0000 - 0x00007ffac28d7000 	C:\WINDOWS\SYSTEM32\dhcpcsvc6.DLL
0x00007ffac28a0000 - 0x00007ffac28bd000 	C:\WINDOWS\SYSTEM32\dhcpcsvc.DLL
0x00007ffac7120000 - 0x00007ffac71ea000 	C:\WINDOWS\SYSTEM32\DNSAPI.dll
0x00007ffab65f0000 - 0x00007ffab65f9000 	D:\Android\Android Studio\jbr\bin\extnet.dll
0x00007ffab8760000 - 0x00007ffab8767000 	C:\WINDOWS\system32\wshunix.dll

dbghelp: loaded successfully - version: 4.0.5 - missing functions: none
symbol engine: initialized successfully - sym options: 0x614 - pdb path: .;D:\Android\Android Studio\jbr\bin;C:\WINDOWS\SYSTEM32;C:\WINDOWS\WinSxS\amd64_microsoft.windows.common-controls_6595b64144ccf1df_6.0.19041.4355_none_60b8b9eb71f62e16;D:\Android\Android Studio\jbr\bin\server;C:\Users\Diogo\.gradle\native\c067742578af261105cb4f569cf0c3c89f3d7b1fecec35dd04571415982c5e48\windows-amd64;C:\Users\Diogo\.gradle\native\38dada09dfb8b06ba9b0570ebf7e218e3eb74d4ef43ca46872605cf95ebc2f47\windows-amd64

VM Arguments:
jvm_args: --add-opens=java.base/java.util=ALL-UNNAMED --add-opens=java.base/java.lang=ALL-UNNAMED --add-opens=java.base/java.lang.invoke=ALL-UNNAMED --add-opens=java.prefs/java.util.prefs=ALL-UNNAMED --add-opens=java.base/java.nio.charset=ALL-UNNAMED --add-opens=java.base/java.net=ALL-UNNAMED --add-opens=java.base/java.util.concurrent.atomic=ALL-UNNAMED -Xmx2048m -Dfile.encoding=UTF-8 -Duser.country=BR -Duser.language=pt -Duser.variant -javaagent:C:\Users\Diogo\.gradle\wrapper\dists\gradle-8.7-bin\bhs2wmbdwecv87pi65oeuq5iu\gradle-8.7\lib\agents\gradle-instrumentation-agent-8.7.jar 
java_command: org.gradle.launcher.daemon.bootstrap.GradleDaemon 8.7
java_class_path (initial): C:\Users\Diogo\.gradle\wrapper\dists\gradle-8.7-bin\bhs2wmbdwecv87pi65oeuq5iu\gradle-8.7\lib\gradle-launcher-8.7.jar
Launcher Type: SUN_STANDARD

[Global flags]
     intx CICompilerCount                          = 4                                         {product} {ergonomic}
     uint ConcGCThreads                            = 3                                         {product} {ergonomic}
     uint G1ConcRefinementThreads                  = 10                                        {product} {ergonomic}
   size_t G1HeapRegionSize                         = 1048576                                   {product} {ergonomic}
    uintx GCDrainStackTargetSize                   = 64                                        {product} {ergonomic}
   size_t InitialHeapSize                          = 266338304                                 {product} {ergonomic}
   size_t MarkStackSize                            = 4194304                                   {product} {ergonomic}
   size_t MaxHeapSize                              = 2147483648                                {product} {command line}
   size_t MaxNewSize                               = 1287651328                                {product} {ergonomic}
   size_t MinHeapDeltaBytes                        = 1048576                                   {product} {ergonomic}
   size_t MinHeapSize                              = 8388608                                   {product} {ergonomic}
    uintx NonNMethodCodeHeapSize                   = 5839372                                {pd product} {ergonomic}
    uintx NonProfiledCodeHeapSize                  = 122909434                              {pd product} {ergonomic}
    uintx ProfiledCodeHeapSize                     = 122909434                              {pd product} {ergonomic}
    uintx ReservedCodeCacheSize                    = 251658240                              {pd product} {ergonomic}
     bool SegmentedCodeCache                       = true                                      {product} {ergonomic}
   size_t SoftMaxHeapSize                          = 2147483648                             {manageable} {ergonomic}
     bool UseCompressedClassPointers               = true                           {product lp64_product} {ergonomic}
     bool UseCompressedOops                        = true                           {product lp64_product} {ergonomic}
     bool UseG1GC                                  = true                                      {product} {ergonomic}
     bool UseLargePagesIndividualAllocation        = false                                  {pd product} {ergonomic}

Logging:
Log output configuration:
 #0: stdout all=warning uptime,level,tags
 #1: stderr all=off uptime,level,tags

Environment Variables:
PATH=C:\WINDOWS\system32;C:\WINDOWS;C:\WINDOWS\System32\Wbem;C:\WINDOWS\System32\WindowsPowerShell\v1.0\;C:\WINDOWS\System32\OpenSSH\;C:\Program Files\Git\cmd;C:\Program Files\nodejs\;C:\Program Files\Amazon\AWSCLIV2\;C:\Program Files\Docker\Docker\resources\bin;C:\Users\Diogo\AppData\Local\Programs\Python\Python310\Scripts\;C:\Users\Diogo\AppData\Local\Programs\Python\Python310\;C:\Users\Diogo\AppData\Local\Programs\Python\Python312\Scripts\;C:\Users\Diogo\AppData\Local\Programs\Python\Python312\;C:\Users\Diogo\AppData\Local\Microsoft\WindowsApps;C:\Users\Diogo\AppData\Local\Programs\Microsoft VS Code\bin;C:\Users\Diogo\AppData\Local\GitHubDesktop\bin;C:\Users\Diogo\AppData\Roaming\npm
USERNAME=Diogo
OS=Windows_NT
PROCESSOR_IDENTIFIER=AMD64 Family 23 Model 96 Stepping 1, AuthenticAMD
TMP=C:\Users\Diogo\AppData\Local\Temp
TEMP=C:\Users\Diogo\AppData\Local\Temp



Periodic native trim disabled

JNI global refs:
JNI global refs: 26, weak refs: 0

JNI global refs memory usage: 843, weak refs: 209

Process memory usage:
Resident Set Size: 413872K (2% of 16622056K total physical memory with 2589172K free physical memory)

OOME stack traces (most recent first):
Classloader memory used:
Loader org.gradle.internal.classloader.VisitableURLClassLoader                         : 4518K
Loader bootstrap                                                                       : 2906K
Loader org.gradle.internal.classloader.VisitableURLClassLoader$InstrumentingVisitableURLClassLoader: 2806K
Loader org.gradle.initialization.MixInLegacyTypesClassLoader                           : 1316K
Loader jdk.internal.loader.ClassLoaders$PlatformClassLoader                            : 68577B
Loader jdk.internal.reflect.DelegatingClassLoader                                      : 57911B
Loader org.gradle.internal.classloader.VisitableURLClassLoader                         : 32528B
Loader jdk.internal.loader.ClassLoaders$AppClassLoader                                 : 28754B
Loader sun.reflect.misc.MethodUtil                                                     : 373B

Classes loaded by more than one classloader:
Class Program                                                                         : loaded 5 times (x 70B)
Class Build_gradle$1                                                                  : loaded 3 times (x 72B)
Class Build_gradle                                                                    : loaded 3 times (x 128B)
Class [Lcom.google.common.collect.AbstractMapEntry;                                   : loaded 2 times (x 67B)
Class com.google.common.collect.SingletonImmutableList                                : loaded 2 times (x 167B)
Class com.google.common.cache.CacheLoader$SupplierToCacheLoader                       : loaded 2 times (x 73B)
Class org.gradle.internal.classpath.ClassPath                                         : loaded 2 times (x 68B)
Class com.google.common.cache.RemovalListener                                         : loaded 2 times (x 68B)
Class org.gradle.api.internal.classpath.DefaultModuleRegistry                         : loaded 2 times (x 84B)
Class Settings_gradle$1$1                                                             : loaded 2 times (x 72B)
Class com.google.common.collect.ImmutableEnumSet                                      : loaded 2 times (x 144B)
Class com.google.common.collect.ListMultimap                                          : loaded 2 times (x 68B)
Class com.google.common.base.CharMatcher$JavaDigit                                    : loaded 2 times (x 109B)
Class com.google.common.base.CharMatcher$Digit                                        : loaded 2 times (x 110B)
Class com.google.common.collect.AbstractMultimap                                      : loaded 2 times (x 121B)
Class com.google.common.cache.CacheBuilder$OneWeigher                                 : loaded 2 times (x 80B)
Class org.gradle.api.Action                                                           : loaded 2 times (x 68B)
Class com.google.common.collect.ImmutableEntry                                        : loaded 2 times (x 80B)
Class com.google.common.collect.Lists$StringAsImmutableList                           : loaded 2 times (x 167B)
Class com.google.common.cache.LocalCache$StrongEntry                                  : loaded 2 times (x 106B)
Class org.objectweb.asm.FieldWriter                                                   : loaded 2 times (x 76B)
Class com.google.common.base.CharMatcher                                              : loaded 2 times (x 109B)
Class com.google.common.base.CharMatcher$IsNot                                        : loaded 2 times (x 109B)
Class com.google.common.base.Splitter                                                 : loaded 2 times (x 70B)
Class [Lcom.google.common.cache.Weigher;                                              : loaded 2 times (x 67B)
Class com.google.common.collect.Iterators$ArrayItr                                    : loaded 2 times (x 95B)
Class com.google.common.cache.LocalCache$Segment                                      : loaded 2 times (x 152B)
Class org.gradle.api.internal.DefaultClassPathProvider                                : loaded 2 times (x 74B)
Class org.gradle.internal.installation.GradleInstallation$1                           : loaded 2 times (x 73B)
Class com.google.common.cache.LocalCache$AbstractReferenceEntry                       : loaded 2 times (x 105B)
Class org.objectweb.asm.Type                                                          : loaded 2 times (x 70B)
Class com.google.common.util.concurrent.AbstractFuture$Failure                        : loaded 2 times (x 70B)
Class com.google.common.base.CharMatcher$BitSetMatcher                                : loaded 2 times (x 110B)
Class com.google.common.collect.ImmutableMap$IteratorBasedImmutableMap                : loaded 2 times (x 123B)
Class com.google.common.collect.ImmutableMap                                          : loaded 2 times (x 118B)
Class com.google.common.base.Converter                                                : loaded 2 times (x 88B)
Class com.google.common.collect.ImmutableSet$EmptySetBuilderImpl                      : loaded 2 times (x 74B)
Class com.google.common.base.Equivalence                                              : loaded 2 times (x 80B)
Class com.google.common.primitives.Ints                                               : loaded 2 times (x 69B)
Class com.google.common.cache.LocalCache$EntryFactory$1                               : loaded 2 times (x 81B)
Class com.google.common.cache.LocalCache$EntryFactory$2                               : loaded 2 times (x 81B)
Class com.google.common.cache.LocalCache$EntryFactory$3                               : loaded 2 times (x 81B)
Class com.google.common.cache.LocalCache$EntryFactory$4                               : loaded 2 times (x 81B)
Class com.google.common.cache.LocalCache$EntryFactory$5                               : loaded 2 times (x 81B)
Class com.google.common.cache.LocalCache$EntryFactory$6                               : loaded 2 times (x 81B)
Class com.google.common.cache.LocalCache$EntryFactory$7                               : loaded 2 times (x 81B)
Class com.google.common.cache.LocalCache$EntryFactory$8                               : loaded 2 times (x 81B)
Class com.google.common.base.Predicate                                                : loaded 2 times (x 68B)
Class com.google.common.cache.LocalCache$StrongValueReference                         : loaded 2 times (x 88B)
Class org.gradle.internal.classloader.FilteringClassLoader                            : loaded 2 times (x 103B)
Class com.google.common.collect.RegularImmutableSet                                   : loaded 2 times (x 146B)
Class [Lcom.google.common.cache.LocalCache$Strength;                                  : loaded 2 times (x 67B)
Class org.gradle.internal.classpath.DefaultClassPath$ImmutableUniqueList$Builder      : loaded 2 times (x 73B)
Class com.google.common.collect.Maps$8                                                : loaded 2 times (x 80B)
Class [Lcom.google.common.cache.CacheBuilder$NullListener;                            : loaded 2 times (x 67B)
Class com.google.common.base.PatternCompiler                                          : loaded 2 times (x 68B)
Class com.google.common.base.CharMatcher$InRange                                      : loaded 2 times (x 109B)
Class com.google.common.collect.Maps$KeySet                                           : loaded 2 times (x 135B)
Class com.google.common.collect.Sets$SetView                                          : loaded 2 times (x 136B)
Class com.google.common.collect.BiMap                                                 : loaded 2 times (x 68B)
Class com.google.common.collect.Lists                                                 : loaded 2 times (x 69B)
Class org.objectweb.asm.AnnotationWriter                                              : loaded 2 times (x 77B)
Class com.google.common.math.IntMath$1                                                : loaded 2 times (x 69B)
Class org.gradle.internal.classloader.ClassLoaderVisitor                              : loaded 2 times (x 74B)
Class org.objectweb.asm.Label                                                         : loaded 2 times (x 71B)
Class com.google.common.cache.CacheBuilder$NullListener                               : loaded 2 times (x 80B)
Class com.google.common.math.MathPreconditions                                        : loaded 2 times (x 69B)
Class org.gradle.internal.service.DefaultServiceLocator                               : loaded 2 times (x 81B)
Class org.gradle.internal.service.UnknownServiceException                             : loaded 2 times (x 81B)
Class com.google.common.util.concurrent.AbstractFuture$SynchronizedHelper             : loaded 2 times (x 76B)
Class com.google.common.collect.ArrayListMultimap                                     : loaded 2 times (x 170B)
Class com.google.common.base.Strings                                                  : loaded 2 times (x 69B)
Class com.google.common.cache.CacheLoader$InvalidCacheLoadException                   : loaded 2 times (x 80B)
Class org.gradle.internal.classloader.DefaultClassLoaderFactory                       : loaded 2 times (x 80B)
Class com.google.common.collect.UnmodifiableIterator                                  : loaded 2 times (x 78B)
Class com.google.common.base.Stopwatch                                                : loaded 2 times (x 70B)
Class com.google.common.base.Platform$JdkPatternCompiler                              : loaded 2 times (x 73B)
Class com.google.common.cache.LocalCache$LoadingValueReference                        : loaded 2 times (x 94B)
Class com.google.common.base.CharMatcher$SingleWidth                                  : loaded 2 times (x 110B)
Class com.google.common.collect.Hashing                                               : loaded 2 times (x 69B)
Class com.google.common.base.JdkPattern                                               : loaded 2 times (x 73B)
Class com.google.common.collect.Multimap                                              : loaded 2 times (x 68B)
Class com.google.common.base.FunctionalEquivalence                                    : loaded 2 times (x 81B)
Class org.objectweb.asm.AnnotationVisitor                                             : loaded 2 times (x 76B)
Class org.objectweb.asm.RecordComponentWriter                                         : loaded 2 times (x 76B)
Class com.google.common.cache.LocalCache$1                                            : loaded 2 times (x 87B)
Class com.google.common.cache.LocalCache$2                                            : loaded 2 times (x 140B)
Class com.google.common.collect.RegularImmutableBiMap                                 : loaded 2 times (x 146B)
Class org.gradle.internal.classloader.VisitableURLClassLoader$Spec                    : loaded 2 times (x 72B)
Class org.gradle.api.GradleException                                                  : loaded 2 times (x 80B)
Class com.google.common.base.CharMatcher$JavaLetterOrDigit                            : loaded 2 times (x 109B)
Class org.gradle.api.internal.classpath.ModuleRegistry                                : loaded 2 times (x 68B)
Class com.google.common.cache.CacheBuilder                                            : loaded 2 times (x 70B)
Class org.objectweb.asm.ByteVector                                                    : loaded 2 times (x 77B)
Class com.google.common.collect.ImmutableCollection                                   : loaded 2 times (x 123B)
Class com.google.common.base.PairwiseEquivalence                                      : loaded 2 times (x 81B)
Class com.google.common.base.Ticker                                                   : loaded 2 times (x 70B)
Class org.gradle.api.internal.ClassPathProvider                                       : loaded 2 times (x 68B)
Class com.google.common.base.Ascii                                                    : loaded 2 times (x 69B)
Class com.google.common.collect.RegularImmutableMap$Values                            : loaded 2 times (x 167B)
Class org.objectweb.asm.ModuleVisitor                                                 : loaded 2 times (x 79B)
Class org.gradle.internal.classloader.ClasspathUtil$1                                 : loaded 2 times (x 74B)
Class com.google.common.collect.ImmutableEnumMap                                      : loaded 2 times (x 123B)
Class com.google.common.collect.ImmutableList$ReverseImmutableList                    : loaded 2 times (x 168B)
Class com.google.common.cache.AbstractCache$StatsCounter                              : loaded 2 times (x 68B)
Class org.objectweb.asm.FieldVisitor                                                  : loaded 2 times (x 75B)
Class org.objectweb.asm.Symbol                                                        : loaded 2 times (x 71B)
Class com.google.common.cache.LocalCache$Strength$1                                   : loaded 2 times (x 79B)
Class com.google.common.cache.LocalCache$Strength$2                                   : loaded 2 times (x 79B)
Class com.google.common.cache.LocalCache$Strength$3                                   : loaded 2 times (x 79B)
Class org.gradle.internal.classloader.ClassLoaderFactory                              : loaded 2 times (x 68B)
Class com.google.common.collect.ObjectArrays                                          : loaded 2 times (x 69B)
Class com.google.common.util.concurrent.AbstractFuture$Waiter                         : loaded 2 times (x 70B)
Class com.google.common.util.concurrent.Uninterruptibles                              : loaded 2 times (x 69B)
Class com.google.common.collect.Iterators$10                                          : loaded 2 times (x 79B)
Class com.google.common.collect.ImmutableList                                         : loaded 2 times (x 166B)
Class org.gradle.api.internal.classpath.ManifestUtil                                  : loaded 2 times (x 69B)
Class org.gradle.api.specs.Spec                                                       : loaded 2 times (x 68B)
Class com.google.common.cache.CacheLoader$UnsupportedLoadingOperationException        : loaded 2 times (x 80B)
Class com.google.common.base.CharMatcher$Whitespace                                   : loaded 2 times (x 110B)
Class com.google.common.util.concurrent.ListenableFuture                              : loaded 2 times (x 68B)
Class com.google.common.collect.Iterators$1                                           : loaded 2 times (x 79B)
Class com.google.common.collect.Iterators$4                                           : loaded 2 times (x 80B)
Class com.google.common.collect.RegularImmutableMap$BucketOverflowException           : loaded 2 times (x 80B)
Class com.google.common.collect.Iterators$5                                           : loaded 2 times (x 80B)
Class com.google.common.util.concurrent.AbstractFuture$UnsafeAtomicHelper             : loaded 2 times (x 76B)
Class com.google.common.base.Joiner                                                   : loaded 2 times (x 77B)
Class com.google.common.base.Equivalence$Equals                                       : loaded 2 times (x 80B)
Class com.google.common.base.Preconditions                                            : loaded 2 times (x 69B)
Class com.google.common.base.Function                                                 : loaded 2 times (x 68B)
Class com.google.common.collect.Iterators$9                                           : loaded 2 times (x 79B)
Class org.gradle.internal.IoActions                                                   : loaded 2 times (x 69B)
Class com.google.common.cache.ReferenceEntry                                          : loaded 2 times (x 68B)
Class com.google.common.collect.RegularImmutableMap$KeySet                            : loaded 2 times (x 148B)
Class com.google.common.collect.CollectPreconditions                                  : loaded 2 times (x 69B)
Class com.google.common.primitives.IntsMethodsForWeb                                  : loaded 2 times (x 69B)
Class com.google.common.collect.Maps                                                  : loaded 2 times (x 69B)
Class com.google.common.collect.RegularImmutableMap                                   : loaded 2 times (x 119B)
Class com.google.common.collect.AbstractIndexedListIterator                           : loaded 2 times (x 94B)
Class com.google.common.base.CharMatcher$None                                         : loaded 2 times (x 110B)
Class org.gradle.api.internal.classpath.EffectiveClassPath                            : loaded 2 times (x 88B)
Class com.google.common.collect.UnmodifiableListIterator                              : loaded 2 times (x 93B)
Class com.google.common.cache.CacheLoader$FunctionToCacheLoader                       : loaded 2 times (x 73B)
Class com.google.common.cache.CacheBuilder$1                                          : loaded 2 times (x 83B)
Class com.google.common.cache.CacheBuilder$2                                          : loaded 2 times (x 70B)
Class com.google.common.collect.ImmutableList$1                                       : loaded 2 times (x 95B)
Class com.google.common.base.Splitter$Strategy                                        : loaded 2 times (x 68B)
Class com.google.common.collect.ImmutableMapEntrySet$RegularEntrySet                  : loaded 2 times (x 149B)
Class [Lcom.google.common.cache.RemovalListener;                                      : loaded 2 times (x 67B)
Class [Lcom.google.common.collect.ImmutableMapEntry;                                  : loaded 2 times (x 67B)
Class org.gradle.internal.installation.CurrentGradleInstallation                      : loaded 2 times (x 71B)
Class org.gradle.internal.agents.InstrumentingClassLoader                             : loaded 2 times (x 68B)
Class org.gradle.internal.installation.CurrentGradleInstallationLocator               : loaded 2 times (x 69B)
Class [Lcom.google.common.cache.LocalCache$Segment;                                   : loaded 2 times (x 67B)
Class org.gradle.api.internal.classpath.Module                                        : loaded 2 times (x 68B)
Class com.google.common.base.Splitter$1$1                                             : loaded 2 times (x 84B)
Class com.google.common.collect.ImmutableSet$JdkBackedSetBuilderImpl                  : loaded 2 times (x 74B)
Class com.google.common.collect.ImmutableSet$RegularSetBuilderImpl                    : loaded 2 times (x 75B)
Class [Lorg.objectweb.asm.AnnotationWriter;                                           : loaded 2 times (x 67B)
Class org.gradle.internal.service.CachingServiceLocator                               : loaded 2 times (x 80B)
Class [Lcom.google.common.collect.ImmutableEntry;                                     : loaded 2 times (x 67B)
Class com.google.common.collect.Sets$ImprovedAbstractSet                              : loaded 2 times (x 133B)
Class org.gradle.internal.classpath.DefaultClassPath                                  : loaded 2 times (x 88B)
Class com.google.common.util.concurrent.AbstractFuture$SetFuture                      : loaded 2 times (x 73B)
Class com.google.common.base.Splitter$SplittingIterator                               : loaded 2 times (x 82B)
Class com.google.common.cache.LocalCache$LocalManualCache$1                           : loaded 2 times (x 73B)
Class com.google.common.collect.Iterators$MergingIterator                             : loaded 2 times (x 79B)
Class org.objectweb.asm.SymbolTable$Entry                                             : loaded 2 times (x 72B)
Class [Lcom.google.common.cache.LocalCache$EntryFactory;                              : loaded 2 times (x 67B)
Class com.google.common.base.CharMatcher$Is                                           : loaded 2 times (x 109B)
Class com.google.common.base.Platform                                                 : loaded 2 times (x 69B)
Class com.google.common.collect.RegularImmutableAsList                                : loaded 2 times (x 176B)
Class com.google.common.collect.PeekingIterator                                       : loaded 2 times (x 68B)
Class com.google.common.collect.ImmutableMapEntrySet                                  : loaded 2 times (x 149B)
Class com.google.common.cache.CacheLoader                                             : loaded 2 times (x 72B)
Class com.google.common.collect.ImmutableBiMapFauxverideShim                          : loaded 2 times (x 118B)
Class org.objectweb.asm.MethodTooLargeException                                       : loaded 2 times (x 81B)
Class com.google.common.cache.Cache                                                   : loaded 2 times (x 68B)
Class org.gradle.internal.classloader.SystemClassLoaderSpec                           : loaded 2 times (x 69B)
Class com.google.common.util.concurrent.internal.InternalFutureFailureAccess          : loaded 2 times (x 70B)
Class com.google.common.base.Charsets                                                 : loaded 2 times (x 69B)
Class com.google.common.primitives.Ints$IntConverter                                  : loaded 2 times (x 88B)
Class com.google.common.collect.SingletonImmutableSet                                 : loaded 2 times (x 144B)
Class [Lcom.google.common.base.AbstractIterator$State;                                : loaded 2 times (x 67B)
Class com.google.common.collect.ImmutableMap$Builder                                  : loaded 2 times (x 80B)
Class com.google.common.base.AbstractIterator                                         : loaded 2 times (x 78B)
Class org.objectweb.asm.ClassWriter                                                   : loaded 2 times (x 104B)
Class com.google.common.base.AbstractIterator$1                                       : loaded 2 times (x 69B)
Class [Lcom.google.common.cache.CacheBuilder$OneWeigher;                              : loaded 2 times (x 67B)
Class com.google.common.collect.Iterators                                             : loaded 2 times (x 69B)
Class com.google.common.base.CharMatcher$1                                            : loaded 2 times (x 111B)
Class com.google.common.base.CharMatcher$Ascii                                        : loaded 2 times (x 110B)
Class com.google.common.cache.LocalCache$ComputingValueReference                      : loaded 2 times (x 94B)
Class org.gradle.api.UncheckedIOException                                             : loaded 2 times (x 80B)
Class com.google.common.base.CharMatcher$And                                          : loaded 2 times (x 110B)
Class com.google.common.collect.IndexedImmutableSet                                   : loaded 2 times (x 148B)
Class com.google.common.base.ExtraObjectsMethodsForWeb                                : loaded 2 times (x 69B)
Class com.google.common.collect.AbstractListMultimap                                  : loaded 2 times (x 170B)
Class com.google.common.base.CharMatcher$Any                                          : loaded 2 times (x 110B)
Class org.objectweb.asm.ModuleWriter                                                  : loaded 2 times (x 80B)
Class com.google.common.cache.LocalCache$Strength                                     : loaded 2 times (x 79B)
Class com.google.common.collect.AbstractMapBasedMultimap$KeySet                       : loaded 2 times (x 135B)
Class com.google.common.collect.ArrayListMultimapGwtSerializationDependencies         : loaded 2 times (x 170B)
Class com.google.common.base.CharMatcher$RangesMatcher                                : loaded 2 times (x 110B)
Class org.objectweb.asm.Handler                                                       : loaded 2 times (x 70B)
Class com.google.common.collect.ImmutableList$SubList                                 : loaded 2 times (x 168B)
Class com.google.common.cache.LocalCache$ValueReference                               : loaded 2 times (x 68B)
Class org.gradle.internal.classloader.ClasspathUtil                                   : loaded 2 times (x 69B)
Class org.objectweb.asm.CurrentFrame                                                  : loaded 2 times (x 71B)
Class com.google.common.util.concurrent.AbstractFuture                                : loaded 2 times (x 93B)
Class com.google.common.base.Splitter$1                                               : loaded 2 times (x 75B)
Class com.google.common.base.Ticker$1                                                 : loaded 2 times (x 70B)
Class com.google.common.collect.Maps$BiMapConverter                                   : loaded 2 times (x 88B)
Class org.gradle.api.internal.DefaultClassPathRegistry                                : loaded 2 times (x 74B)
Class com.google.common.util.concurrent.AbstractFuture$Cancellation                   : loaded 2 times (x 70B)
Class [Lorg.objectweb.asm.Symbol;                                                     : loaded 2 times (x 67B)
Class com.google.common.collect.ImmutableSet$SetBuilderImpl                           : loaded 2 times (x 74B)
Class org.gradle.api.internal.classpath.DefaultModuleRegistry$DefaultModule           : loaded 2 times (x 84B)
Class com.google.common.base.CharMatcher$JavaIsoControl                               : loaded 2 times (x 110B)
Class com.google.common.collect.ImmutableMap$1                                        : loaded 2 times (x 79B)
Class com.google.common.base.CharMatcher$Or                                           : loaded 2 times (x 110B)
Class org.gradle.kotlin.dsl.VersionCatalogAccessorsKt                                 : loaded 2 times (x 69B)
Class com.google.common.base.Suppliers$SupplierOfInstance                             : loaded 2 times (x 77B)
Class org.objectweb.asm.RecordComponentVisitor                                        : loaded 2 times (x 75B)
Class com.google.common.collect.Iterables                                             : loaded 2 times (x 69B)
Class com.google.common.base.CharMatcher$JavaLowerCase                                : loaded 2 times (x 109B)
Class org.objectweb.asm.ClassTooLargeException                                        : loaded 2 times (x 81B)
Class org.gradle.api.internal.classpath.UnknownModuleException                        : loaded 2 times (x 80B)
Class com.google.common.util.concurrent.AbstractFuture$Listener                       : loaded 2 times (x 70B)
Class org.objectweb.asm.Edge                                                          : loaded 2 times (x 70B)
Class com.google.common.collect.Maps$EntryTransformer                                 : loaded 2 times (x 68B)
Class com.google.common.collect.ImmutableCollection$Builder                           : loaded 2 times (x 74B)
Class [Lorg.objectweb.asm.SymbolTable$Entry;                                          : loaded 2 times (x 67B)
Class com.google.common.collect.SingletonImmutableBiMap                               : loaded 2 times (x 141B)
Class com.google.common.base.CommonPattern                                            : loaded 2 times (x 72B)
Class com.google.common.base.Suppliers                                                : loaded 2 times (x 69B)
Class org.objectweb.asm.ClassVisitor                                                  : loaded 2 times (x 86B)
Class com.google.common.cache.LoadingCache                                            : loaded 2 times (x 68B)
Class org.gradle.internal.service.ServiceLookupException                              : loaded 2 times (x 80B)
Class org.gradle.cache.GlobalCache                                                    : loaded 2 times (x 68B)
Class com.google.common.base.CharMatcher$NegatedFastMatcher                           : loaded 2 times (x 111B)
Class [Lorg.gradle.api.internal.ClassPathProvider;                                    : loaded 2 times (x 67B)
Class com.google.common.util.concurrent.AbstractFuture$SafeAtomicHelper               : loaded 2 times (x 77B)
Class org.gradle.util.internal.GUtil                                                  : loaded 2 times (x 69B)
Class com.google.common.math.IntMath                                                  : loaded 2 times (x 69B)
Class com.google.common.collect.AbstractIterator                                      : loaded 2 times (x 80B)
Class org.gradle.internal.classloader.ClassLoaderSpec                                 : loaded 2 times (x 69B)
Class com.google.common.base.NullnessCasts                                            : loaded 2 times (x 69B)
Class org.objectweb.asm.Frame                                                         : loaded 2 times (x 71B)
Class com.google.common.cache.LocalCache$LocalManualCache                             : loaded 2 times (x 97B)
Class com.google.common.collect.AbstractMapEntry                                      : loaded 2 times (x 79B)
Class com.google.common.collect.ImmutableList$Builder                                 : loaded 2 times (x 75B)
Class com.google.common.base.CharMatcher$Negated                                      : loaded 2 times (x 111B)
Class com.google.common.cache.CacheLoader$1                                           : loaded 2 times (x 73B)
Class com.google.common.util.concurrent.AbstractFuture$TrustedFuture                  : loaded 2 times (x 95B)
Class com.google.common.collect.Sets                                                  : loaded 2 times (x 69B)
Class com.google.common.collect.ImmutableSet$Builder                                  : loaded 2 times (x 83B)
Class com.google.common.base.CharMatcher$ForPredicate                                 : loaded 2 times (x 110B)
Class com.google.common.collect.ImmutableMap$MapViewOfValuesAsSingletonSets           : loaded 2 times (x 123B)
Class com.google.common.base.MoreObjects                                              : loaded 2 times (x 69B)
Class com.google.common.collect.SortedMapDifference                                   : loaded 2 times (x 68B)
Class org.objectweb.asm.SymbolTable                                                   : loaded 2 times (x 70B)
Class [Lorg.objectweb.asm.AnnotationVisitor;                                          : loaded 2 times (x 67B)
Class com.google.common.cache.CacheStats                                              : loaded 2 times (x 69B)
Class org.objectweb.asm.Attribute                                                     : loaded 2 times (x 75B)
Class org.gradle.internal.classloader.VisitableURLClassLoader                         : loaded 2 times (x 115B)
Class com.google.common.cache.LocalCache$LocalLoadingCache                            : loaded 2 times (x 132B)
Class com.google.common.base.Supplier                                                 : loaded 2 times (x 68B)
Class com.google.common.base.Objects                                                  : loaded 2 times (x 69B)
Class com.google.common.util.concurrent.AbstractFuture$AtomicHelper                   : loaded 2 times (x 76B)
Class com.google.common.collect.ImmutableBiMap                                        : loaded 2 times (x 141B)
Class org.gradle.internal.Cast                                                        : loaded 2 times (x 69B)
Class org.gradle.internal.installation.GradleInstallation                             : loaded 2 times (x 73B)
Class org.gradle.api.internal.ClassPathRegistry                                       : loaded 2 times (x 68B)
Class com.google.common.cache.LocalCache$EntryFactory                                 : loaded 2 times (x 81B)
Class com.google.common.util.concurrent.UncheckedExecutionException                   : loaded 2 times (x 80B)
Class com.google.common.collect.ImmutableSet                                          : loaded 2 times (x 143B)
Class org.gradle.internal.classloader.VisitableURLClassLoader$InstrumentingVisitableURLClassLoader: loaded 2 times (x 121B)
Class org.gradle.internal.classloader.ClassLoaderHierarchy                            : loaded 2 times (x 68B)
Class [Lorg.objectweb.asm.Type;                                                       : loaded 2 times (x 67B)
Class com.google.common.base.AbstractIterator$State                                   : loaded 2 times (x 77B)
Class com.google.common.cache.Weigher                                                 : loaded 2 times (x 68B)
Class com.google.common.base.CharMatcher$NamedFastMatcher                             : loaded 2 times (x 110B)
Class org.gradle.internal.InternalTransformer                                         : loaded 2 times (x 68B)
Class org.gradle.internal.service.ServiceLocator                                      : loaded 2 times (x 68B)
Class Settings_gradle$1                                                               : loaded 2 times (x 72B)
Class com.google.common.util.concurrent.SettableFuture                                : loaded 2 times (x 95B)
Class com.google.common.collect.ImmutableMapEntry                                     : loaded 2 times (x 83B)
Class com.google.common.base.CharMatcher$Invisible                                    : loaded 2 times (x 110B)
Class com.google.common.base.Joiner$1                                                 : loaded 2 times (x 78B)
Class com.google.common.base.Joiner$2                                                 : loaded 2 times (x 77B)
Class com.google.common.base.CharMatcher$FastMatcher                                  : loaded 2 times (x 109B)
Class org.gradle.internal.classpath.DefaultClassPath$ImmutableUniqueList              : loaded 2 times (x 159B)
Class com.google.common.base.CharMatcher$JavaLetter                                   : loaded 2 times (x 109B)
Class org.gradle.internal.classpath.TransformedClassPath                              : loaded 2 times (x 94B)
Class com.google.common.collect.MapDifference                                         : loaded 2 times (x 68B)
Class com.google.common.collect.Sets$1                                                : loaded 2 times (x 137B)
Class com.google.common.collect.Sets$2                                                : loaded 2 times (x 137B)
Class com.google.common.util.concurrent.AbstractFuture$Trusted                        : loaded 2 times (x 68B)
Class com.google.common.collect.Sets$3                                                : loaded 2 times (x 137B)
Class com.google.common.collect.Sets$4                                                : loaded 2 times (x 137B)
Class Settings_gradle                                                                 : loaded 2 times (x 126B)
Class org.objectweb.asm.MethodWriter                                                  : loaded 2 times (x 104B)
Class com.google.common.collect.Platform                                              : loaded 2 times (x 69B)
Class com.google.common.collect.ImmutableAsList                                       : loaded 2 times (x 169B)
Class com.google.common.util.concurrent.ExecutionError                                : loaded 2 times (x 80B)
Class com.google.common.base.Equivalence$Identity                                     : loaded 2 times (x 80B)
Class com.google.common.base.CharMatcher$AnyOf                                        : loaded 2 times (x 110B)
Class com.google.common.base.CharMatcher$IsEither                                     : loaded 2 times (x 109B)
Class com.google.common.cache.LocalCache                                              : loaded 2 times (x 185B)
Class com.google.common.collect.RegularImmutableList                                  : loaded 2 times (x 172B)
Class com.google.common.util.concurrent.AbstractFuture$UnsafeAtomicHelper$1           : loaded 2 times (x 74B)
Class com.google.common.base.CharMatcher$JavaUpperCase                                : loaded 2 times (x 109B)
Class com.google.common.collect.Multiset                                              : loaded 2 times (x 68B)
Class com.google.common.collect.ImmutableSet$CachingAsList                            : loaded 2 times (x 145B)
Class org.objectweb.asm.MethodVisitor                                                 : loaded 2 times (x 103B)
Class com.google.common.collect.AbstractMapBasedMultimap$KeySet$1                     : loaded 2 times (x 80B)
Class com.google.common.collect.ImmutableMapEntry$NonTerminalImmutableMapEntry        : loaded 2 times (x 83B)
Class com.google.common.collect.AbstractMapBasedMultimap                              : loaded 2 times (x 137B)


---------------  S Y S T E M  ---------------

OS:
 Windows 10 , 64 bit Build 19041 (10.0.19041.5072)
OS uptime: 0 days 13:15 hours
Hyper-V role detected

CPU: total 12 (initial active 12) (12 cores per cpu, 2 threads per core) family 23 model 96 stepping 1 microcode 0x0, cx8, cmov, fxsr, ht, mmx, 3dnowpref, sse, sse2, sse3, ssse3, sse4a, sse4.1, sse4.2, popcnt, lzcnt, tsc, tscinvbit, avx, avx2, aes, clmul, bmi1, bmi2, adx, sha, fma, vzeroupper, clflush, clflushopt, hv
Processor Information for all 12 processors :
  Max Mhz: 3701, Current Mhz: 3701, Mhz Limit: 3701

Memory: 4k page, system-wide physical 16232M (2518M free)
TotalPageFile size 46041M (AvailPageFile size 6M)
current process WorkingSet (physical memory assigned to process): 406M, peak: 406M
current process commit charge ("private bytes"): 451M, peak: 455M

vm_info: OpenJDK 64-Bit Server VM (17.0.11+0--11852314) for windows-amd64 JRE (17.0.11+0--11852314), built on May 16 2024 21:29:20 by "androidbuild" with MS VC++ 16.10 / 16.11 (VS2019)

END.
